"Numbering","Source","HusbandName","HusbandTribe ","HusbandSubtribe1","HusbandSubtribe2","HusbandSubtribe3",,"HusbandGeneration ","WifeName","WifeTribe","WifeSubtribe1","WifeSubtribe2","WifeSubtribe3","WifeSubtribe4","WifeGeneration","Sons","Daughters","H Lat","H Lng","W Lat","W Lng"
242,"NQ44","على بن ابو طالب","Quraysh","Qusayy","Hashim","Abbasid",,5,"اسماء بنت عميس (بن معبد بن تيم بن مالك بن قحافة بن عامر بن ربيعة بن عامر بن معاوية بن زيد بن نسر بن وهب الله بن شهران بن عفرس بن حلف بن أفتل NQ80)","Anmar","Khatham",,,,,2,,,,,
501,"NQ78","عبد الله بن جعفر الاصغر بن محمد بن على","Quraysh","Qusayy","Hashim","Abbasid",,8,"صفية بنت الغضبان بن يزيد من بنو انمار","Anmar",,,,,,2,2,,,,
521,"NQ80","جعفر بن ابو طالب","Quraysh","Qusayy","Hashim","Abbasid",,5,"اسماء بنت عميس بن معبد بن تيم بن مالك بن قحافة بن عامر بن ربيعة بن عامر بن معاوية بن زيد بن نسر بن وهب الله بن شهران بن عفرس بن حلف بن أفتل و هم جماع خثعم بن انمار","Anmar","Khatham",,,,,3,,,,,
452,"NQ73","الحسين بن على بن حسين بن على","Quraysh","Qusayy","Hashim","Abbasid","Husaynid",8,"عبدة بنت داود بن ابو امامة بن سهل بن حنيف الانصارى (بن واهب الاسدى al-ansab al-mutafaqa)","Asad",,,,,,2,,,,,
92,"NQ19","محمد النبى","Quraysh","Qusayy","Hashim","Abbasid",,5,"زينب بنت جحش بن رئاب بن يعمر بن صبرة بن مرة بن كبير بن غنم بن دودان بن اسد بن خزيمة","Asad b. Khuzayma",,,,,0,,,,,,
489,"NQ77","عون بن على بن محمد بن على","Quraysh","Qusayy","Hashim","Abbasid",,8,"مهدية بنت عبد الرحمن بن عمر بن محمد بن مسلمة الانصارى","Aws","Haritha b. al-Harith",,,,,1,2,,,,
497,"NQ78","ابراهيم بن محمد بن على  ","Quraysh","Qusayy","Hashim","Abbasid",,7,"امامة بنت عبد الله بن سعيد بن خيثمة من الانصار","Aws","Ghanam b. al-Salam",,,,,1,1,,,,
503,"NQ78","عون بن محمد بن عاى","Quraysh","Qusayy","Hashim","Abbasid",,7,"ام سعيد بنت سعيد بن زيد بن مالك من بنو عبد الاشهل","Aws","Abd al-Ashhal",,,,,1,1,,,,
340,"NQ56","جعفر بن الحسن بن الحسن بن على","Quraysh","Qusayy","Hashim","Abbasid","Hasanid",8,"عائشة بنت عوف بن الحارث بن الطفيل بن عبد الله بن سخبرة من الازد","Azd",,,,,,1,1,,,,
341,"NQ56","سليمان بن على بن عبد الله بن العباس","Quraysh","Qusayy","Hashim","Abbasid",,7,"عائشة بنت عوف بن الحارث بن الطفيل بن عبد الله بن سخبرة","Azd",,,,,,2,,,,,
551,"NQ86","نوفل بن الحارث بن عبد المطلب","Quraysh","Qusayy","Hashim","Abbasid",,5,"ضريبة بنت سعيد بن القسب/جندب بن عبد الله بن رافع بن نضلة بن محضب بن صعب من الازد","Azd","Azd",,,,,6,,,,,
531,"NQ83","عبد الله بن جعفر بن ابو طالب","Quraysh","Qusayy","Hashim","Abbasid",,6,"بنت خصفة بن ثقيف بن بكر بن وائل","Bakr b. Wa'il",,,,,,4,,,,,
345,"NQ59","الحسين بن على بن ابو طالب","Quraysh","Qusayy","Hashim","Abbasid","Husaynid",6,"Unnamed woman","Bali",,,,,,1,,,,,
479,"NQ76","ابو هاشم عبد الله بن محمد بن على","Quraysh","Qusayy","Hashim","Abbasid",,7,"ام عثمان بنت ابو حدير بن عبدة بن معتب بن الجد بن عجلان من الانصار من البلى من قضاعة حلفاء بنو عمرو بن عوف","Bali",,,,,,1,,,,,
332,"NQ55","ادريس بن عبد الله بن الحسن بن الحسن بن على","Quraysh","Qusayy","Hashim","Abbasid","Hasanid",9,"Unnamed woman - Barbariya","Berber",,,,,,1,,,,,
114,"NQ21","محمد النبى","Quraysh","Qusayy","Hashim","Abbasid",,5,"مارية بنت شمعون بن ابراهيم القبطية","Egyptian",,,,,,1,,,,,
268,"NQ46","الحسن بن على","Quraysh","Qusayy","Hashim","Abbasid","Hasanid",6,"خولة بنت منظور بن زبان بن سيار بن عمرو بن جابر بن عقيل بن هلال بن سمى بن مازن بن فزارة بن ذبيان بن بغيض بن ريث بن غطفان بن سعد بن قيس بن عيلان بن مضر بن نزار بن معد بن عدنان","Ghatafan","Fazara",,,,5,1,,,,,
331,"NQ55","سليمان بن بن عبد الله بن الحسن بن الحسن بن على","Quraysh","Qusayy","Hashim","Abbasid","Hasanid",9,"Unnamed woman - Fazariya","Ghatafan","Fazara",,,,,1,,,,,
530,"NQ83","عبد الله بن جعفر بن ابو طالب","Quraysh","Qusayy","Hashim","Abbasid",,6,"بنت المسيب بن نجبة الفزارى","Ghatafan","Fazara",,,,,2,,,,,
538,"NQ83","عبد الله بن جعفر بن ابو طالب","Quraysh","Qusayy","Hashim","Abbasid",,6,"النابغة بنت خداش من بنو عبس بن بغيض","Ghatafan","Abs b. Baghid",,,,,1,,,,,
220,"NQ38","عبد الرحمن بن العباس بن عبد المطلب","Quraysh","Qusayy","Hashim","Abbasid",,5,"ام ايوب بنت ميمون بن عامر بن الحضرمى","Hadrami",,,,,,1,,,,,
559,"NQ87","عبد المطلب بن ربيعة بن الحارث بن عبد المطلب","Quraysh","Qusayy","Hashim","Abbasid",,6,"Unnamed - امه من همدان","Hamdan",,,,,,1,,,,,
235,"NQ41","على بن ابو طالب","Quraysh","Qusayy","Hashim","Abbasid",,5,"خولة بنت جعفر بن قيس بن مسلمة (بن عبيد بن ثعلبة بن يربوج بن ثعلبة بن الدؤل بن حنيفة بالجيم Bal 2.200)","Hanifa",,,,,,1,,,,,
139,"NQ27","العباس بن عبد المطلب","Quraysh","Qusayy","Hashim","Abbasid",,4,"Unnamed woman","Hudhayl",,,,,,,,,,,
346,"NQ59","الحسين بن على بن ابو طالب","Quraysh","Qusayy","Hashim","Abbasid","Husaynid",6,"الرباب بنت امرى القيس بن عدى بن اوس بن جابر بن كعب بن عليم بن جناب","Kalbi",,,,,,1,1,,,,
537,"NQ83","عبد الله بن جعفر بن ابو طالب","Quraysh","Qusayy","Hashim","Abbasid",,6,"آمنة بنت عبد الله بن كعب بن عبد الله من خثعم","Khatham",,,,,,1,2,,,,
48,"NQ15","هاشم بن عبد مناب","Quraysh","Qusayy","Hashim","Abbasid",,2,"سلمى بنت عمرو بن زيد بن لبيد بن خداش بن عامر بن غنم بن عدىّ بن النجار تيم الله بن ثعلبة بن عمرو بن الخزرج","Khazraj","Najjar",,,,,1,1,,,,
55,"NQ16","هاشم بن عبد مناف","Quraysh","Qusayy","Hashim","Abbasid",,2,"هند بنت عمرو بن ثعلبة (بن سلول NQ92) بن الخزرج","Khazraj",,,,,,2,,,,,
223,"NQ39","عبد الله بن الحارث بن العباس","Quraysh","Qusayy","Hashim","Abbasid",,6,"جمال بنت النعمان (ابو حزم بْن عتيك بْن النعمان بْن عَمْرو بْن عتيك بْن عَمْرو بْن مبذول وهو عامر بن مالك بن النجار Bal 4.68)","Khazraj","Najjar",,,,,3,1,,,,
270,"NQ49","الحسن بن على","Quraysh","Qusayy","Hashim","Abbasid","Hasanid",6,"ام بشر بنت ابو مسعود/عقبة بن عمرو بن ثعلبة بن اسيرة بن عميرة بن عطية الانصارى","Khazraj",,,,,,1,1,,,,
563,"NQ88","العباس بن ربيعة بن الحارث بن عبد المطلب","Quraysh","Qusayy","Hashim","Abbasid",,6,"ام فراس بنت حسان بن ثابت بن المنذر","Khazraj",,,,,,1,1,,,,
54,"NQ16","هاشم بن عبد مناف","Quraysh","Qusayy","Hashim","Abbasid",,2,"قيلة/الجزور بنت عامر بن مالك بن المصطلق/جذيمة بن سعد بن عمرو بن ربيعة بن حارثة (بن عمرو بن عامر بن حارثة بن آمرىء القيس بن ثعلبة بن مازن بن الازد JMY 439)","Khuza'a",,,,,,1,,,,,
78,"NQ18","عبد المطّلب بن هاشم","Quraysh","Qusayy","Hashim","Abbasid",,3,"لبنى بنت هاجر بن عبد مناف بن ضاطر بن حبشية بن سلول من خزاعة","Khuza'a",,,,,,1,,,,,
81,"NQ18","عبد المطّلب بن هاشم","Quraysh","Qusayy","Hashim","Abbasid",,3,"Unnamed woman","Khuza'a",,,,,,1,,,,,
185,"NQ31","عبيد الله بن عباس","Quraysh","Qusayy","Hashim","Abbasid",,5,"ام حكيم بنت قارظ بن خالد من بنو الحارث بن عبد مناة بن كنانة","Kinana","Abd Mana'a","Harith  ",,,,2,,,,,
477,"NQ76","ابو هاشم عبد الله بن محمد بن على","Quraysh","Qusayy","Hashim","Abbasid",,7,"خلدة بنت علقمة بن الحويرث بن عبد الله بن خلف بن آبى اللحم من بنو غفار","Kinana","Ghifar",,,,,2,,,,,
571,"NQ90","ابو صيفى بن هاشم بن عبد مناف بن قصى","Quraysh","Qusayy","Hashim","Abbasid",,3,"Unnamed من بنو مالك بن كنانة","Kinana","Malik b. Kinana",,,,,2,,,,,
1404,"NQ264","عبيد الله بن عباس","Quraysh","Qusayy","Hashim","Abbasid",,5,"ام حكيم بنت قارط بن خالد (بن عبيد بن سويد)","Kinana","Harith b. Abd Mana'a",,,,,2,,,,,
150,"NQ28","عبد الله بن عباس بن عبد المطلب","Quraysh","Qusayy","Hashim","Abbasid",,5,"زرعة بنت مشرح بن معدى كرب بن وليعة بن شرحبيل بن معاوية بن حجر القود بن الحارث الولادة بن عمرو بن معاوية بن الحارث بن معاوية بن ثور بن مرتع بن معاوية بن ثور و هو كندى","Kinda",,,,,,6,1,,,,
181,"NQ31","العباس/العنق بن عبد الله بن عباس بن عبد المطلب","Quraysh","Qusayy","Hashim","Abbasid",,6,"جعدة بنت الاشعث بن قيس الكندى","Kinda",,,,,,1,1,,,,
187,"NQ31","عبيد الله بن عباس","Quraysh","Qusayy","Hashim","Abbasid",,5,"عمرة بنت عريف بن كلال بن حمير","Look up - possibly Himyar",,,,,,,2,,,,
58,"NQ16","هاشم بن عبد مناف","Quraysh","Qusayy","Hashim","Abbasid",,2,"واقدة بنت ابو عدىّ/عامر بن عبد نهم/الحارث بن نوفل بن عبادة بن زيد بن وائلة بن مازن بن صعصعة","Qays Aylan","Hawazin",,,,,,2,,,,
76,"NQ18","عبد المطّلب بن هاشم","Quraysh","Qusayy","Hashim","Abbasid",,3,"صفية بنت جندب بن حجير بن رئاب بن حبيب بن سواءة بن عامر بن صعصعة بن معاوية بن بكر بن هوازن","Qays Aylan","Amir b. Sa'sa'a  ",,,,,2,,,,,
162,"NQ29","على بن عبد الله بن العباس","Quraysh","Qusayy","Hashim","Abbasid",,6,"Unnamed woman","Qays Aylan","Amir b. Sa'sa'a","Ka'b","Harish",,,1,,,,,
183,"NQ31","عبيد الله بن عباس","Quraysh","Qusayy","Hashim","Abbasid",,5,"القرعة بنت قطن بن الحارث بن حزن بن بخير بن الهزم بن رويبة بن عبد الله بن هلال بن عامر بن صعصعة","Qays Aylan","Amir b. Sa'sa'a",,,,,2,1,,,,
205,"NQ37","معبد بن العباس بن عبد المطلب","Quraysh","Qusayy","Hashim","Abbasid",,5,"ام جميل بنت السائب بن الحارث بن حزن بن بجير بن الهزم بن رويبة بن عبد الله بن هلال بن عامر بن صعصعة","Qays Aylan","Amir b. Sa'sa'a","Hilal",,,,1,1,,,,
216,"NQ38","تمام بن العباس بن عبد المطلب","Quraysh","Qusayy","Hashim","Abbasid",,5,"Unnamed woman","Qays Aylan","Amir b. Sa'sa'a","Hilal",,,,3,,,,,
238,"NQ43","على بن ابو طالب","Quraysh","Qusayy","Hashim","Abbasid",,5,"ام البنين بنت حزام بن خالد بن ربيعة بن لوحيد بن كعب بن عامر بن كلاب بن ربيعة (بن عامر بن صعصعة)","Qays Aylan","Amir b. Sa'sa'a",,,,,4,,,,,
327,"NQ55","ابراهيم بن محمد بن عبد الله بن الحسن بن الحسن بن على","Quraysh","Qusayy","Hashim","Abbasid","Hasanid",10,"Unnamed woman of Banu Ja'far b. Kilab","Qays Aylan","Amir b. Sa'sa'a","Ja'far b. Kilab",,,,1,,,,,
333,"NQ56","الحسن بن الحسن بن الحسن بن على","Quraysh","Qusayy","Hashim","Abbasid","Hasanid",8,"Unnamed - من ولد عامر بن مالك بن جعفر بن كلاب","Qays Aylan","Amir b. Sa'sa'a","Malik of Ja'far of Kilab",,,,3,,,,,
338,"NQ56","اسماعيل بن ابراهيم بن الحسن بن الحسن بن على","Quraysh","Qusayy","Hashim","Abbasid","Hasanid",9,"Unnamed woman - من بنو هلال بن عامر","Qays Aylan","Amir b. Sa'sa'a","Hilal",,,,1,,,,,
474,"NQ76","محمد بن على بن ابو طالب","Quraysh","Qusayy","Hashim","Abbasid",,6,"مسرعة بنت عباد بن شيبان بن جابر بن اهيب بن نسيب بن زيد بن مالك من بنو مازن بن منصور","Qays Aylan","Mazin b. Mansur",,,,,1,,,,,
540,"NQ84","عقيل بن ابو طالب","Quraysh","Qusayy","Hashim","Abbasid",,5,"رابطة بنت عمرو من بنو نفيل بن عمرو بن كلاب","Qays Aylan","Amir b. Sa'sa'","Nufayl b. Amru b. Kilab",,,,,,,,,
541,"NQ84","عقيل بن ابو طالب","Quraysh","Qusayy","Hashim","Abbasid",,5,"Unnamed of Abu Bakr b. Kilab b. Rabi'a","Qays Aylan","Amir b. Sa'sa'","Abu Bakr b. Kilab b. Rabi'a",,,,2,,,,,
756,"NQ121","العباس بن عبد المطلب","Quraysh","Qusayy","Hashim","Abbasid",,4,"ام الفضل/لبابة بنت الحارث بن حزن الهلالية (بن بجير بن الهزم بن رويبة بن عبد الله بن هلال بن عامر بن صعصعةNQ 31, 37)","Qays Aylan","Amir b. Sa'sa'a","Hilal",,,,,1,,,,
762,"NQ121","محمد النبى","Quraysh","Qusayy","Hashim","Abbasid",,5,"ميمونة بنت الحارث بن حزن بن بجير بن الهزم بن رويبة بن عبد الله بن هلال بن عامر (بن صعصعةNQ 31, 37)","Qays Aylan","Amir b. Sa'sa'a",,,,,,,,,,
75,"NQ18","عبد المطّلب بن هاشم","Quraysh","Qusayy","Hashim","Abbasid",,3,"نتيلة بنت جناب بن كليب بن مالك بن عمرو بن عامر بن النمر بن قاسط من بنو القرية والقرية ام بنو عمرو بن عامر","Qirrayah",,,,,,2,,,,,
51,"NQ16","هاشم بن عبد مناب","Quraysh","Qusayy","Hashim","Abbasid",,2,"اميمة بنت ادّ بن علىّ من بنو سلامان بن سعد هذيم بن زيد بن ليث بن سود بن اسلم بن الحاف بن قضاعة","Quda'a",,,,,,1,,,,,
64,"NQ17","عبد المطّلب بن هاشم","Quraysh","Qusayy","Hashim","Abbasid",,3,"فاطمة بنت عمرو بن عائذ بن عمران بن مخزوم بن يقظة بن مرة","Quraysh","Makhzum",,,,4,4,4,,,,
68,"NQ17","عبد المطّلب بن هاشم","Quraysh","Qusayy","Hashim","Abbasid",,3,"هالة بنت اهيب بن عبد مناف بن زهرة (بن كلاب)","Quraysh","Zuhra",,,,3,3,1,,,,
98,"NQ20","كلدة بن هاشم بن عبد مناف بن عبد الدار بن قصى","Quraysh","Qusayy","Hashim","Abbasid",,4,"اروى بنت عبد المطلب بن هاشم","Quraysh","Qusayy","Hashim",,,4,,1,,,,
99,"NQ20","ارطاة بن عبد شرحبيل بن هاشم بن عبد مناف بن عبد الدار بن قصى","Quraysh","Qusayy","Hashim","Abbasid",,5,"فاطمة بنت كلدة بن هاشم بن عبد مناف بن عبد الدار بن قصى","Quraysh","Qusayy","Abd al-Dar",,,5,,1,,,,
105,"NQ20","عبد الله بن عبد المطلب بن هاشم","Quraysh","Qusayy","Hashim","Abbasid",,4,"آمنة بنت وهب بن عبد مناف بن زهرة بن كلاب","Quraysh","Zuhra",,,,3,1,,,,,
113,"NQ21","محمد النبى","Quraysh","Qusayy","Hashim","Abbasid",,5,"خديجة بنت خويلد بن اسد بن عبد العزى بن قصى","Quraysh","Qusayy","Asad",,,4,2,4,,,,
124,"NQ22","عتبة بن ابو لهب","Quraysh","Qusayy","Hashim","Abbasid",,5,"رقية بنت محمد","Quraysh","Qusayy","Hashim",,,6,,,,,,
125,"NQ22","عتيبة بن ابو لهب","Quraysh","Qusayy","Hashim","Abbasid",,5,"ام كلثوم بنت محمد  ","Quraysh","Qusayy","Hashim",,,6,,,,,,
130,"NQ25","محمد بن جعفر بن ابو طالب","Quraysh","Qusayy","Hashim","Abbasid",,6,"ام کلثوم بنت على بن ابو طالب","Quraysh","Qusayy","Hashim","Alid",,6,,,,,,
131,"NQ25","عون بن جعفر بن ابو طالب","Quraysh","Qusayy","Hashim","Abbasid",,6,"ام کلثوم بنت على بن ابو طالب","Quraysh","Qusayy","Hashim","Alid",,6,,,,,,
132,"NQ25","عبد الله بن جعفر بن ابو طالب","Quraysh","Qusayy","Hashim","Abbasid",,6,"ام کلثوم بنت على بن ابو طالب","Quraysh","Qusayy","Hashim","Alid",,6,,,,,,
133,"NQ25","عبد الله بن جعفر بن ابو طالب","Quraysh","Qusayy","Hashim","Abbasid",,6,"زينب بنت على بن ابو طالب","Quraysh","Qusayy","Hashim","Alid",,6,1,1,,,,
142,"NQ28","العباس بن عتبة بن ابو لهب بن عبد المطلب","Quraysh","Qusayy","Hashim","Abbasid",,6,"آمنة بنت العباس بن عبد المطلب","Quraysh","Qusayy","Hashim","Abbasid",,5,1,,,,,
147,"NQ28","الحسن بن على بن ابو طالب","Quraysh","Qusayy","Hashim","Alid","Hasanid",6,"ام كلثوم بنت الفضل بن عباس بن عبد المطلب","Quraysh","Qusayy","Hashim","Abbasid",,6,3,1,,,,
152,"NQ29","على بن عبد الله بن جعفر","Quraysh","Qusayy","Hashim","Alid",,6,"لبابة بنت عبد الله بن عباس","Quraysh","Qusayy","Hashim","Abbasid",,6,,,,,,
154,"NQ29","محمد بن عبد الله بن العباس","Quraysh","Qusayy","Hashim","Alid",,6,"لبابة بنت عبد الله بن عباس","Quraysh","Qusayy","Hashim","Abbasid",,6,,,,,,
155,"NQ29","عبد الله بن عبيد الله بن العباس","Quraysh","Qusayy","Hashim","Alid",,6,"اسماء بنت عبد الله بن عباس","Quraysh","Qusayy","Hashim","Abbasid",,6,2,,,,,
156,"NQ29","على بن عبد الله بن العباس","Quraysh","Qusayy","Hashim","Alid",,6,"العالية بنت عبيد الله بن العباس بن عبد المطلب","Quraysh","Qusayy","Hashim","Abbasid",,6,1,,,,,
161,"NQ29","على بن عبد الله بن العباس","Quraysh","Qusayy","Hashim","Alid",,6,"ام ابيها بنت عبد الله بن جعفر بن ابو طالب","Quraysh","Qusayy","Hashim",,,7,1,,,,,
166,"NQ30","عبد الله بن الحسين بن عبد الله بن عبيد الله بن العباس","Quraysh","Qusayy","Hashim","Alid",,7,"ام عيسى الصغرى بنت على بن عبد الله","Quraysh","Qusayy","Hashim","Abbasid",,8,,,,,,
167,"NQ30","يحيى بن جعفر بن تمام بن العباس بن عبد المطلب","Quraysh","Qusayy","Hashim","Alid",,7,"اميمة بنت على بن عبد الله","Quraysh","Qusayy","Hashim","Abbasid",,7,,,,,,
168,"NQ30","عبيد الله بن قثم بن عباس بن عبيد الله بن عباس","Quraysh","Qusayy","Hashim","Alid",,8,"لبابة بنت على بن عبد الله بن العباس ","Quraysh","Qusayy","Hashim","Abbasid",,7,1,1,,,,
169,"NQ30","جعفر بن ابو جعفر المنصوربن محمد بن على بن عبد الله","Quraysh","Qusayy","Hashim","Alid",,8,"بريحة بنت عبيد الله بن قثم بن عباس بن عبيد الله بن عباس","Quraysh","Qusayy","Hashim","Abbasid",,9,,,,,,
172,"NQ30","محمد بن على بن عبد الله بن العباس","Quraysh","Qusayy","Hashim","Alid",,7,"ام الحكم بنت عبد الله/ببة بن الحارث بن نوفل بن الحارث بن عبد المطلب","Quraysh","Qusayy","Hashim",,,8,1,1,,,,
180,"NQ31","العباس/العنق بن عبد الله بن عباس بن عبد المطلب","Quraysh","Qusayy","Hashim","Alid",,6,"حبيبة بنت الزبير بن العوام","Quraysh","Qusayy","Asad","Zubayrid",,6,1,,,,,
193,"NQ32","العباس بن على بن ابو طالب","Quraysh","Qusayy","Hashim","Alid",,6,"لبابة بنت عبيد الله بن العباس بن عبد المطلب","Quraysh","Qusayy","Hashim","Abbasid",,6,1,,,,,
195,"NQ32","زيد بن حسن بن على بن ابو طالب","Quraysh","Qusayy","Hashim","Alid","Hasanid",7,"لبابة بنت عبيد الله بن العباس بن عبد المطلب","Quraysh","Qusayy","Hashim","Abbasid",,6,,1,,,,
198,"NQ32","الحسين بن عبد الله بن عبيد الله بن عباس بن عبد المطلب","Quraysh","Qusayy","Hashim","Alid",,7,"عابدة الحسناء بنت شعيب بن محمد بن عبد الله بن عمرو بن العاصى","Quraysh","Sahm",,,,9,,,,,,
200,"NQ33","ابراهيم بن عبد الله بن معبد (بن عباس بن عبد المطلب NQ37)","Quraysh","Qusayy","Hashim","Alid",,7,"ام محمد بنت عباس بن عبيد الله بن عباس","Quraysh","Qusayy","Hashim","Abbasid",,7,2,,,,,
203,"NQ33","الحسن بن عبد الله بن عبيد الله بن عباس","Quraysh","Qusayy","Hashim","Alid",,7,"ابنة الفضل الشاعر بن عباس بن عتبة بن ابو لهب بن عبد المطلب","Quraysh","Qusayy","Hashim",,,8,,1,,,,
206,"NQ37","عبيد الله بن عبد الله بن العباس","Quraysh","Qusayy","Hashim","Alid",,6,"ام محمد بنت معبد بن العباس بن عبد المطلب","Quraysh","Qusayy","Hashim","Abbasid",,,,,,,,
208,"NQ37","على بن ابو طالب","Quraysh","Qusayy","Hashim","Alid",,5,"آبية بنت معبد بن العباس","Quraysh","Qusayy","Hashim","Abbasid",,5,,,,,,
212,"NQ37","عبد الله بن معبد بن العباس","Quraysh","Qusayy","Hashim","Alid",,6,"ام محمد بنت عبيد الله بن عباس بن عبد المطلب","Quraysh","Qusayy","Hashim","Abbasid",,6,3,1,,,,
213,"NQ37","عبد الله بن معبد بن العباس","Quraysh","Qusayy","Hashim","Alid",,6,"جمرة بنت عبد الله بن نوفل بن الحارث بن عبد المطلب","Quraysh","Qusayy","Hashim",,,7,1,,,,,
214,"NQ38","العباس الاكبر بن عبد الله بن معبد","Quraysh","Qusayy","Hashim","Alid",,7,"ام ابيها بنت محمد بن على بن ابو طالب","Quraysh","Qusayy","Hashim","Alid",,7,1,,,,,
215,"NQ38","محمد بن العباس الاكبر بن عبد الله","Quraysh","Qusayy","Hashim","Alid",,8,"نفيسة بنت عبد الله بن الفضل بن العباس بن ربيعة بن الحارث بن عبد المطلب","Quraysh","Qusayy","Hashim",,,9,3,,,,,
218,"NQ38","كثير بن العباس بن عبد المطلب","Quraysh","Qusayy","Hashim","Alid",,5,"ام كلثوم بنت على بن ابو طالب","Quraysh","Qusayy","Hashim","Alid",,6,1,,,,,
221,"NQ38","الحارث بن عباس بن عبد المطلب","Quraysh","Qusayy","Hashim","Alid",,5,"فاطمة بنت جنيدة بن عوف بن عبد شمس بن عمرو بن عائش بن ظرب بن الحارث بن فهر","Quraysh","Harith b. Fihr",,,,2,3,,,,,
226,"NQ39","الزبير بن الحارث بن العباس بن عبد المطلب","Quraysh","Qusayy","Hashim","Alid",,6,"ام العباس بنت عبيد الله بن العباس بن عبد المطلب","Quraysh","Qusayy","Hashim","Abbasid",,6,3,1,,,,
229,"NQ40","ابو طالب بن عبد المطلب","Quraysh","Qusayy","Hashim","Alid",,4,"فاطمة بنت اسد بن هاشم بن عبد مناف بن قصى","Quraysh","Qusayy","Hashim",,,4,4,2,,,,
230,"NQ40","ابو سفيان بن الحارث بن عبد المطلب","Quraysh","Qusayy","Hashim","Alid",,5,"جمانة بنت ابو طالب بن عبد المطلب ","Quraysh","Qusayy","Hashim",,,5,,,,,,
249,"NQ45","جعفر بن عقيل بن ابو طالب","Quraysh","Qusayy","Hashim","Alid",,6,"ام الحسين بنت على بن ابو طالب","Quraysh","Qusayy","Hashim","Alid",,6,,,,,,
250,"NQ45","ابو الهياج/عبد الله بن ابو سفيان بن الحارث بن عبد المطلب","Quraysh","Qusayy","Hashim","Alid",,6,"رملة بنت على بن ابو طالب","Quraysh","Qusayy","Hashim","Alid",,6,,,,,,
252,"NQ45","مسلم بن عقيل بن ابو طالب","Quraysh","Qusayy","Hashim","Alid",,6,"رقية الكبرى بنت علي","Quraysh","Qusayy","Hashim","Alid",,6,3,,,,,
253,"NQ45","محمد بن عقيل بن ابو طالب","Quraysh","Qusayy","Hashim","Alid",,6,"زينب الصغرى بنت على ","Quraysh","Qusayy","Hashim","Alid",,6,3,,,,,
254,"NQ45","كثير بن العباس بن عبد المطلب","Quraysh","Qusayy","Hashim","Alid",,5,"زينب الصغرى بنت على ","Quraysh","Qusayy","Hashim","Alid",,6,,1,,,,
255,"NQ45","جعفر بن تمام بن عباس","Quraysh","Qusayy","Hashim","Alid",,6,"ام كلثوم بنت كثير بن العباس","Quraysh","Qusayy","Hashim","Abbasid",,6,,,,,,
256,"NQ45","عبد الله الاكبر بن عقيل بن ابو طالب","Quraysh","Qusayy","Hashim","Alid",,6,"ام هانى بنت على بن ابو طالب بن عبد المطلب","Quraysh","Qusayy","Hashim","Alid",,6,3,1,,,,
257,"NQ45","عبد الله الاكبر بن عقيل بن ابو طالب","Quraysh","Qusayy","Hashim","Alid",,6,"ميمونة بنت على ","Quraysh","Qusayy","Hashim","Alid",,6,1,,,,,
258,"NQ45","عبد الله الاكبر بن عقيل بن ابو طالب","Quraysh","Qusayy","Hashim","Alid",,6,"ام كلثوم/نفيسة الصغرى بنت على","Quraysh","Qusayy","Hashim","Alid",,6,,1,,,,
260,"NQ45","تمام بن العباس بن عبد المطلب","Quraysh","Qusayy","Hashim","Alid",,5,"ام كلثوم/نفيسة الصغرى بنت على","Quraysh","Qusayy","Hashim","Alid",,6,,1,,,,
261,"NQ45","عبد الله بن على بن الحسين بن على بن ابو طالب","Quraysh","Qusayy","Hashim","Alid","Husaynid",8,"نفيسة بنت تمام بن العباس","Quraysh","Qusayy","Hashim","Abbasid",,6,,,,,,
262,"NQ45","عبد الرحمن بن عقيل بن ابو طالب","Quraysh","Qusayy","Hashim","Alid",,6,"خديجة بنت على بن ابو طالب","Quraysh","Qusayy","Hashim","Alid",,6,2,,,,,
264,"NQ46","محمد بن ابو سعيد بن عقيل","Quraysh","Qusayy","Hashim","Alid",,7,"فاطمة بنت على","Quraysh","Qusayy","Hashim","Alid",,6,,1,,,,
267,"NQ46","الصلت بن عبد الله بن الحارث بن عبد المطلب","Quraysh","Qusayy","Hashim","Alid",,6,"امامة بنت على","Quraysh","Qusayy","Hashim","Alid",,6,,,,,,
274,"NQ50","الحسن بن على","Quraysh","Qusayy","Hashim","Alid","Hasanid",6,"ام اسحاق بنت طلحة بن عبيد الله","Quraysh","Taym b. Murra",,,,6,1,,,,,
275,"NQ50","الحسين بن على","Quraysh","Qusayy","Hashim","Alid","Husaynid",6,"ام اسحاق بنت طلحة بن عبيد الله","Quraysh","Taym b. Murra",,,,6,,1,,,,
278,"NQ50","على بن الحسن بن على","Quraysh","Qusayy","Hashim","Alid","Hasanid",7,"ام عبد الله بنت الحسن","Quraysh","Qusayy","Hashim","Alid","Hasanid",7,3,,,,,
280,"NQ50","عمرو بن الحسن بن على","Quraysh","Qusayy","Hashim","Alid","Hasanid",7,"رملة بنت عقيل بن ابو طالب","Quraysh","Qusayy","Hashim",,,6,1,,,,,
285,"NQ50","الحسين بن زيد بن الحسن بن على","Quraysh","Qusayy","Hashim","Alid","Hasanid",8,"ام سلمة بنت الحسين بن الحسن بن على","Quraysh","Qusayy","Hashim","Alid","Hasanid",8,2,1,,,,
286,"NQ50","على بن عبد الله بن العباس","Quraysh","Qusayy","Hashim","Alid",,6,"ام كلثوم بنت الحسن بن على","Quraysh","Qusayy","Hashim","Alid","Hasanid",6,2,,,,,
287,"NQ51","الحسين بن زيد بن على بن الحسين بن على","Quraysh","Qusayy","Hashim","Alid","Husaynid",9,"ام كلثوم بنت الحسن بن على","Quraysh","Qusayy","Hashim","Alid","Hasanid",6,,,,,,
290,"NQ51","الحسين بن الحسن بن على","Quraysh","Qusayy","Hashim","Alid","Hasanid",7,"ام حبيب بنت عمرو بن على","Quraysh","Qusayy","Hashim","Alid",,7,,1,,,,
291,"NQ51","عمرو بن على","Quraysh","Qusayy","Hashim","Alid",,6,"ام عبد الله بنت عقيل بن ابو طالب","Quraysh","Qusayy","Hashim",,,6,,1,,,,
293,"NQ51","الحسن بن الحسن بن على","Quraysh","Qusayy","Hashim","Alid","Hasanid",7,"رملة بنت سعيد بن زيد بن عمرو بن نفيل (بن عبد العزى بن رياح بن عبد الله بن قرط بن رزاح بن عدى بن كعب)","Quraysh","Adi b. Ka'b",,,,8,1,,,,,
298,"NQ52","محمد بن على بن حسين بن على","Quraysh","Qusayy","Hashim","Alid","Husaynid",8,"ام كلثوم  بنت الحسن بن الحسن بن على","Quraysh","Qusayy","Hashim","Alid","Hasanid",8,,,,,,
299,"NQ52","معاوية بن عبد الله بن جعفر بن ابو طالب","Quraysh","Qusayy","Hashim","Alid",,7,"فاطمة  بنت الحسن بن الحسن بن على","Quraysh","Qusayy","Hashim","Alid","Hasanid",8,2,2,,,,
303,"NQ53","الحسين بن عبد الله بن عبيد الله بن عباس بن عبد المطلب","Quraysh","Qusayy","Hashim","Alid",,7,"ام القاسم بنت الحسن بن الحسن بن على","Quraysh","Qusayy","Hashim","Alid","Hasanid",8,,,,,,
307,"NQ53","محمد بن عبد الله بن حسن بن حسن بن على","Quraysh","Qusayy","Hashim","Alid","Hasanid",9,"ام سلمة بنت محمد بن الحسن بن الحسن بن على","Quraysh","Qusayy","Hashim","Alid","Hasanid",9,3,2,,,,
308,"NQ53","عيسى بن على بن عبد الله بن العباس","Quraysh","Qusayy","Hashim","Alid",,7,"ام كلثوم بنت محمد بن الحسن بن الحسن بن على","Quraysh","Qusayy","Hashim","Alid","Hasanid",9,,2,,,,
309,"NQ53","عبد الله بن الحسن بن الحسن بن على","Quraysh","Qusayy","Hashim","Alid","Hasanid",8,"هند بنت ابو عبيدة بن عبد الله بن زمعة بن الاسود بن المطلب بن اسد بن عبد العزى بن قصى","Quraysh","Qusayy","Asad",,,8,3,3,,,,
310,"NQ53","عبد الله بن الحسن بن الحسن بن على","Quraysh","Qusayy","Hashim","Alid","Hasanid",8,"عاتكة بنت عبد الملك بن الحارث بن خالد بن العاصى بن هشام بن المغيرة بن عبد الله بن عمر بن مخزوم","Quraysh","Makhzum",,,,9,3,,,,,
311,"NQ54","عبد الله بن الحسن بن الحسن بن على","Quraysh","Qusayy","Hashim","Alid","Hasanid",8,"قريبة بنت ركيح/عبد الله بن ابو عبيدة بن عبد الله بن زمعة ( بن الاسود بن المطلب بن اسد بن عبد العزى بن قصىّ)","Quraysh","Qusayy","Asad",,,9,1,,,,,
312,"NQ54","ابو جعفر/عبد الله بن حسن بن حسن بن حسن بن على","Quraysh","Qusayy","Hashim","Alid","Hasanid",9,"فاطمة بنت عبد الله بن الحسن بن الحسن بن على ","Quraysh","Qusayy","Hashim","Alid","Hasanid",9,3,1,,,,
313,"NQ54","على بن الحسن بن الحسن بن الحسن بن على","Quraysh","Qusayy","Hashim","Alid","Hasanid",9,"زينب بنت عبد الله بن الحسن بن الحسن بن على","Quraysh","Qusayy","Hashim","Alid","Hasanid",9,4,3,,,,
315,"NQ54","يعقوب بن ابراهيم بن حسن بن حسن بن على","Quraysh","Qusayy","Hashim","Alid","Hasanid",9,"أم كلثوم بنت على بن الحسن بن الحسن بن على","Quraysh","Qusayy","Hashim","Alid","Hasanid",9,,,,,,
316,"NQ54","محمد بن عبد الله بن الحسن بن الحسن بن على","Quraysh","Qusayy","Hashim","Alid","Hasanid",9,"ام سلمة بنت محمد بن الحسن بن الحسن بن على","Quraysh","Qusayy","Hashim","Alid","Hasanid",,3,2,,,,
317,"NQ54","محمد بن عبد الله بن الحسن بن الحسن بن على","Quraysh","Qusayy","Hashim","Alid","Hasanid",9,"فاختة بنت فليح بن محمد بن المنذر بن الزبير","Quraysh","Qusayy","Asad","Zubayrid",,9,1,,,,,
319,"NQ55","الحسن بن ابراهيم بن عبد الله بن حسن بن حسن بن على","Quraysh","Qusayy","Hashim","Alid","Hasanid",10,"فاطمة بنت محمد بن عبد الله بن الحسن بن الحسن بن على","Quraysh","Qusayy","Hashim","Alid","Hasanid",10,,,,,,
320,"NQ55","محمد بن ابو العباس بن محمد بن على بن عبد الله بن العباس","Quraysh","Qusayy","Hashim","Alid",,9,"زينب  بنت محمد بن عبد الله بن الحسن بن الحسن بن على","Quraysh","Qusayy","Hashim","Alid","Hasanid",10,,,,,,
321,"NQ55","عيسى بن على بن عبد الله بن العباس","Quraysh","Qusayy","Hashim","Alid",,7,"زينب  بنت محمد بن عبد الله بن الحسن بن الحسن بن على","Quraysh","Qusayy","Hashim","Alid","Hasanid",10,,,,,,
322,,"محمد بن ابراهيم بن محمد بن على بن عبد الله بن العباس","Quraysh","Qusayy","Hashim","Alid",,9,"زينب  بنت محمد بن عبد الله بن الحسن بن الحسن بن على","Quraysh","Qusayy","Hashim","Alid","Hasanid",10,,,,,,
323,"NQ55","ابراهيم بن ابراهيم بن الحسن بن زيد بن حسن بن على ","Quraysh","Qusayy","Hashim","Alid","Hasanid",10,"زينب  بنت محمد بن عبد الله بن الحسن بن الحسن بن على","Quraysh","Qusayy","Hashim","Alid","Hasanid",10,,,,,,
324,"NQ55","عبد الله بن الحسن بن ابراهيم بن عبد الله بن حسن بن حسن بن على","Quraysh","Qusayy","Hashim","Alid","Hasanid",11,"زينب  بنت محمد بن عبد الله بن الحسن بن الحسن بن على","Quraysh","Qusayy","Hashim","Alid","Hasanid",10,,,,,,
326,"NQ55","ابراهيم بن محمد بن عبد الله بن الحسن بن الحسن بن على","Quraysh","Qusayy","Hashim","Alid","Hasanid",10,"صفية بنت عبد الله بن حسين بن على بن حسين بن على","Quraysh","Qusayy","Hashim","Alid","Husaynid",10,1,,,,,
329,"NQ55","موسى بن عبد الله بن الحسن بن الحسن بن على","Quraysh","Qusayy","Hashim","Alid","Hasanid",9,"ام سلمة بنت محمد بن طلحة بن عبد الله بن عبد الرحمن بن ابو بكر","Quraysh","Taym b. Murra",,,,10,1,,,,,
330,"NQ55","يحيى بن عبد الله بن الحسن بن الحسن بن على","Quraysh","Qusayy","Hashim","Alid","Hasanid",9,"خديجة بنت ابراهيم بن طلحة بن عمر بن عبيد الله بن معمر (بن عثمان بن عمرو بن كعب بن سعد بن تيم NQ 288)","Quraysh","Taym b. Murra",,,,9,1,,,,,
334,"NQ56","الحسن بن الحسن بن الحسن بن على","Quraysh","Qusayy","Hashim","Alid","Hasanid",8,"عائشة بنت طلحة بن عمر بن عبيد الله بن معمر (بن عثمان بن عمرو بن كعب بن سعد بن تيم NQ 288)","Quraysh","Taym b. Murra",,,,8,2,,,,,
336,"NQ56","ابراهيم بن الحسن بن الحسن بن على","Quraysh","Qusayy","Hashim","Alid","Hasanid",8,"ذبيخة بنت محمد بن عبد الله بن عبد الله بن ابو امية بن المغيرة","Quraysh","Makhzum",,,,8,3,,,,,
337,"NQ56","اسحاق بن ابراهيم بن حسن بن حسن بن على","Quraysh","Qusayy","Hashim","Alid","Hasanid",9,"رقية بنت عبد الله بن الحسن بن الحسن","Quraysh","Qusayy","Hashim","Alid","Hasanid",9,1,,,,,
347,"NQ59","الحسين بن على بن ابو طالب","Quraysh","Qusayy","Hashim","Alid","Husaynid",6,"ام اسحاق بنت طلحة بن عبيد الله","Quraysh","Taym b. Murra",,,,6,,1,,,,
354,"NQ59","الحسن بن الحسن بن على","Quraysh","Qusayy","Hashim","Alid","Hasanid",7,"فاطمة بنت الحسين بن على","Quraysh","Qusayy","Hashim","Alid","Husaynid",7,,,,,,
356,"NQ59","على الاصغر بن الحسين بن على","Quraysh","Qusayy","Hashim","Alid","Husaynid",7,"ام عبد الله بنت الحسن بن على","Quraysh","Qusayy","Hashim","Alid","Hasanid",7,4,,,,,
358,"NQ62","محمد بن عمر بن على بن ابو طالب","Quraysh","Qusayy","Hashim","Alid",,7,"خديجة بنت على الاصغر بن الحسين بن على","Quraysh","Qusayy","Hashim","Alid","Husaynid",8,,,,,,
359,"NQ62","محمد بن معاوية بن عبد الله بن جعفر بن ابو طالب","Quraysh","Qusayy","Hashim","Alid",,8,"عبدة بنت على الاصغر بن الحسين بن على","Quraysh","Qusayy","Hashim","Alid","Husaynid",8,,,,,,
360,"NQ62","على بن الحسين بن الحسن بن على","Quraysh","Qusayy","Hashim","Alid","Hasanid",8,"عبدة بنت على الاصغر بن الحسين بن على","Quraysh","Qusayy","Hashim","Alid","Husaynid",8,2,,,,,
362,"NQ62","داوود بن عثمان بن حسن بن على","Quraysh","Qusayy","Hashim","Alid","Hasanid",8,"ام كلثوم بنت على الاصغر بن الحسين بن على","Quraysh","Qusayy","Hashim","Alid","Husaynid",8,,,,,,
363,"NQ62","داوود بن على بن عبد الله بن العباس","Quraysh","Qusayy","Hashim","Alid",,7,"ام الحسن بنت على الاصغر بن الحسين بن على","Quraysh","Qusayy","Hashim","Alid","Husaynid",8,2,,,,,
364,"NQ62","داوود بن على بن عبد الله بن العباس","Quraysh","Qusayy","Hashim","Alid",,7,"فاطمة بنت على الاصغر بن الحسين بن على","Quraysh","Qusayy","Hashim","Alid","Husaynid",8,,1,,,,
365,"NQ62","على بن الحسن بن الحسن بن على","Quraysh","Qusayy","Hashim","Alid","Hasanid",8,"علية بنت على الاصغر بن الحسين بن على","Quraysh","Qusayy","Hashim","Alid","Husaynid",8,,,,,,
366,"NQ62","عبد الله بن معاوية بن عبد الله بن جعفر (بن ابو طالب)","Quraysh","Qusayy","Hashim","Alid",,8,"علية بنت على الاصغر بن الحسين بن على","Quraysh","Qusayy","Hashim","Alid","Husaynid",,,,,,,
367,"NQ62","ابراهيم بن محمد بن على بن عبد الله بن العباس","Quraysh","Qusayy","Hashim","Alid",,8,"ام الحسين بنت على الاصغر بن الحسين بن على","Quraysh","Qusayy","Hashim","Alid","Husaynid",8,,,,,,
368,"NQ63","محمد بن على بن الحسين بن على","Quraysh","Qusayy","Hashim","Alid","Husaynid",8,"فروة بنت القاسم بن محمد بن ابو بكر","Quraysh","Taym b. Murra",,,,8,2,,,,,
372,"NQ63","عبيد الله بن الحسين بن على بن الحسين بن على","Quraysh","Qusayy","Hashim","Alid","Husaynid",9,"زينب بنت محمد بن على بن الحسين بن على","Quraysh","Qusayy","Hashim","Alid","Husaynid",9,,,,,,
373,"NQ63","عبيد الله بن محمد بن عمر بن على ","Quraysh","Qusayy","Hashim","Alid",,8,"زينب بنت محمد بن على بن الحسين بن على","Quraysh","Qusayy","Hashim","Alid","Husaynid",9,3,3,,,,
374,"NQ63","محمد الارقط بن عبد الله بن على بن حسين بن على بن ابو طالب","Quraysh","Qusayy","Hashim","Alid","Husaynid",9,"ام سلمة بنت محمد بن على بن الحسين بن على","Quraysh","Qusayy","Hashim","Alid","Husaynid",9,2,,,,,
375,"NQ63","جعفر بن محمد بن على بن حسين بن على","Quraysh","Qusayy","Hashim","Alid","Husaynid",9,"فاطمة بنت الحسين بن الحسن بن على","Quraysh","Qusayy","Hashim","Alid","Hasanid",8,2,1,,,,
377,"NQ63","محمد بن ابراهيم بن محمد بن على بن عبد الله بن العباس","Quraysh","Qusayy","Hashim","Alid",,9,"فاطمة الكبرى بنت جعفر بن محمد بن على بن حسين بن على","Quraysh","Qusayy","Hashim","Alid","Husaynid",10,,,,,,
378,"NQ63","محمد بن ابراهيم بن محمد بن على بن عبد الله بن العباس","Quraysh","Qusayy","Hashim","Alid",,9,"بريحة بنت  بنت جعفر بن محمد بن على بن حسين بن على","Quraysh","Qusayy","Hashim","Alid","Husaynid",10,,,,,,
379,"NQ63","حمزة بن عبد الله بن محمد بن على بن الحسين بن على","Quraysh","Qusayy","Hashim","Alid","Husaynid",10,"اسماء بنت جعفر بن محمد بن على بن حسين بن على","Quraysh","Qusayy","Hashim","Alid","Husaynid",10,,2,,,,
381,"NQ63","اسماعيل بن جعفر بن محمد بن على بن الحسين بن على","Quraysh","Qusayy","Hashim","Alid","Husaynid",10,"ام ابراهيم بنت ابراهيم بن هشام بن اسماعيل بن هشام بن الوليد بن المغيرة","Quraysh","Makhzum",,,,9,1,1,,,,
386,"NQ64","العباس بن عيسى بن موسى بن محمد بن على بن عبد الله بن العباس","Quraysh","Qusayy","Hashim","Alid",,10,"فاطمة بنت عبد الله بن جعفر بن محمد بن على بن حسين بن على","Quraysh","Qusayy","Hashim","Alid","Husaynid",11,,,,,,
387,"NQ64","على بن اسماعيل بن جعفر بن محمد بن على بن حسين بن على","Quraysh","Qusayy","Hashim","Alid","Husaynid",11,"فاطمة بنت عبد الله بن جعفر بن محمد بن على بن حسين بن على","Quraysh","Qusayy","Hashim","Alid","Husaynid",11,,,,,,
390,"NQ64","موسى بن جعفر بن على بن الحسين بن على","Quraysh","Qusayy","Hashim","Alid","Husaynid",9,"فاطمة بنت على بن محمد بن على بن الحسين بن على","Quraysh","Qusayy","Hashim","Alid","Husaynid",10,,,,,,
392,"NQ64","اسماعيل بن على بن عبد الله بن العباس","Quraysh","Qusayy","Hashim","Alid",,8,"كلثم بنت عبد الله بن على بن الحسين بن على بن ابو طالب","Quraysh","Qusayy","Hashim","Alid","Husaynid",9,1,1,,,,
394,"NQ64","عبد الله بن جعفر بن محمد (بن على بن حسين بن على)","Quraysh","Qusayy","Hashim","Alid","Husaynid",10,"علية بنت الحسين بن زيد بن على بن حسين بن على","Quraysh","Qusayy","Hashim","Alid","Husaynid",10,,1,,,,
395,"NQ64","محمد بن عبد الله بن على بن الحسين بن على بن ابو طالب","Quraysh","Qusayy","Hashim","Alid","Husaynid",9,"ام سلمة بنت محمد بن على بن الحسين بن على","Quraysh","Qusayy","Hashim","Alid","Husaynid",9,1,,,,,
398,"NQ65","على بن جعفر بن محمد بن على بن الحسين بن على","Quraysh","Qusayy","Hashim","Alid","Husaynid",10,"فاطمة بنت محمد بن عبد الله بن على بن الحسين بن على بن ابو طالب","Quraysh","Qusayy","Hashim","Alid","Husaynid",10,1,1,,,,
399,"NQ65","حمزة بن عبد الله بن حسين بن على بن الحسين","Quraysh","Qusayy","Hashim","Alid","Husaynid",10,"زينب بنت محمد بن عبد الله بن على بن الحسين بن على بن ابو طالب","Quraysh","Qusayy","Hashim","Alid","Husaynid",10,,1,,,,
400,"NQ65","محمد بن عبد الله بن داوود بن الحسن بن حسن بن على","Quraysh","Qusayy","Hashim","Alid","Hasanid",10,"زينب بنت محمد بن عبد الله بن على بن الحسين بن على بن ابو طالب","Quraysh","Qusayy","Hashim","Alid","Husaynid",10,2,3,,,,
401,"NQ65","اسحاق بن عبد الله بن على بن الحسين بن على بن ابو طالب","Quraysh","Qusayy","Hashim","Alid","Husaynid",9,"عائشة بنت عمر بن عاصم بن عمر بن عثمان بن عفان","Quraysh","Qusayy","Umayyad","Uthmanid",,10,1,,,,,
404,"NQ65","اسحاق بن عبد الله بن على بن الحسين بن على بن ابو طالب","Quraysh","Qusayy","Hashim","Alid","Husaynid",9,"كلثم بنت اسماعيل بن عبد الرحمن بن القاسم بن محمد بن ابو بكر","Quraysh","Taym b. Murra",,,,10,,1,,,,
406,"NQ65","عبد الله بن محمد بن على بن الحسين بن على","Quraysh","Qusayy","Hashim","Alid","Husaynid",9,"خديجة بنت اسحاق بن عبد الله بن على بن الحسين بن على بن ابو طالب","Quraysh","Qusayy","Hashim","Alid","Husaynid",10,,,,,,
407,"NQ65","محمد بن ابراهيم بن محمد بن على بن عبد الله بن العباس","Quraysh","Qusayy","Hashim","Alid",,9,"خديجة بنت اسحاق بن عبد الله بن على بن الحسين بن على بن ابو طالب","Quraysh","Qusayy","Hashim","Alid","Husaynid",10,,,,,,
408,"NQ65","عبد الرحمن بن القاسم بن اسحاق بن عبد الله بن جعفر بن على","Quraysh","Qusayy","Hashim","Alid",,10,"خديجة بنت اسحاق بن عبد الله بن على بن الحسين بن على بن ابو طالب","Quraysh","Qusayy","Hashim","Alid","Husaynid",10,1,2,,,,
409,"NQ66","زيد بن على بن الحسين بن على","Quraysh","Qusayy","Hashim","Alid","Husaynid",8,"ريطة بنت ابو هاشم/عبد الله بن محمد بن على","Quraysh","Qusayy","Hashim","Alid",,8,1,,,,,
411,"NQ66","يحيى بن زيد بن على بن الحسين بن على","Quraysh","Qusayy","Hashim","Alid","Husaynid",9,"محبة بنت عمرو بن على","Quraysh","Qusayy","Hashim","Alid","Husaynid","7(9 - see note)",,1,,,,
412,"NQ66","الحسين بن زيد بن على بن الحسين بن على","Quraysh","Qusayy","Hashim","Alid","Husaynid",9,"خديجة بنت عمر بن على بن حسين بن على","Quraysh","Qusayy","Hashim","Alid","Husaynid",9,1,2,,,,
414,"NQ66","الحسين بن زيد بن على بن الحسين بن على","Quraysh","Qusayy","Hashim","Alid","Husaynid",9,"كلثم بنت عبد الله بن على بن الحسين بن على بن ابو طالب","Quraysh","Qusayy","Hashim","Alid","Husaynid",,1,3,,,,
416,"NQ66","محمد بن ابراهيم بن محمد بن على بن عبد الله بن العباس","Quraysh","Qusayy","Hashim","Alid",,9,"فاطمة بنت حسين بن زيد بن على بن الحسين بن على","Quraysh","Qusayy","Hashim","Alid","Husaynid",10,1,2,,,,
417,"NQ66","عيسى بن جعفر بن المنصور","Quraysh","Qusayy","Hashim","Alid",,10,"فاطمة بنت حسين بن زيد بن على بن الحسين بن على","Quraysh","Qusayy","Hashim","Alid","Husaynid",10,,,,,,
418,"NQ66","محمد بن محمد بن زيد بن على بن حسين بن على بن ابو طالب","Quraysh","Qusayy","Hashim","Alid","Husaynid",10,"كلثم بنت حسين بن زيد بن على بن الحسين بن على","Quraysh","Qusayy","Hashim","Alid","Husaynid",10,,,,,,
419,"NQ66","على بن الحسين بن على بن عمر بن على بن الحسين بن على","Quraysh","Qusayy","Hashim","Alid","Husaynid",11,"كلثم بنت حسين بن زيد بن على بن الحسين بن على","Quraysh","Qusayy","Hashim","Alid","Husaynid",10,,,,,,
420,"NQ67","الحسن بن عبد الله بن حسن بن جعفر بن حسن بن حسن بن على","Quraysh","Qusayy","Hashim","Alid","Hasanid",11,"ام الحسن بنت حسين بن زيد بن على بن الحسين بن على","Quraysh","Qusayy","Hashim","Alid","Husaynid",10,,,,,,
421,"NQ67","عيسى بن زيد بن على بن الحسين بن على","Quraysh","Qusayy","Hashim","Alid","Husaynid",9,"عبدة بنت عمر بن على بن الحسين بن على","Quraysh","Qusayy","Hashim","Alid","Husaynid",9,2,1,,,,
424,"NQ67","عيسى بن زيد بن على بن الحسين بن على","Quraysh","Qusayy","Hashim","Alid","Husaynid",9,"عاتكة بنت الفضل بن عبد الرحمن بن العباس بن ربيعة بن الحارث بن عبد المطلب","Quraysh","Qusayy","Hashim",,,9,1,,,,,
426,"NQ67","سليمان بن جعفر بن ابراهيم بن محمد بن على بن عبد الله بن جعفر بن ابو طالب","Quraysh","Qusayy","Hashim","Alid",,11,"زينب بنت عيسى بن زيد بن على بن الحسين بن على","Quraysh","Qusayy","Hashim","Alid","Husaynid",10,,,,,,
427,"NQ67","الحسن بن على بن جعفر بن اسحاق بن على بن عبد الله بن جعفر بن ابو طالب","Quraysh","Qusayy","Hashim","Alid",,11,"زينب بنت عيسى بن زيد بن على بن الحسين بن على","Quraysh","Qusayy","Hashim","Alid","Husaynid",10,1,,,,,
428,"NQ71","على بن الحسين بن زيد بن على بن الحسين بن على","Quraysh","Qusayy","Hashim","Alid","Husaynid",10,"رقية  بنت عيسى بن زيد بن على بن الحسين بن على","Quraysh","Qusayy","Hashim","Alid","Husaynid",10,,2,,,,
429,"NQ71","جعفر بن الحسن بن على بن عمر بن على بن حسين بن على","Quraysh","Qusayy","Hashim","Alid","Husaynid",11,"رقية  بنت عيسى بن زيد بن على بن الحسين بن على","Quraysh","Qusayy","Hashim","Alid","Husaynid",10,1,1,,,,
430,"NQ71","جعفر الاكبر بن حسن بن زيد بن على بن حسين بن على","Quraysh","Qusayy","Hashim","Alid","Husaynid",10,"فاطمة بنت عيسى بن زيد بن على بن الحسين بن على","Quraysh","Qusayy","Hashim","Alid","Husaynid",10,,,,,,
431,"NQ71","على بن حمزة بن القاسم بن حسن بن زيد بن حسن بن على","Quraysh","Qusayy","Hashim","Alid","Hasanid",11,"فاطمة بنت عيسى بن زيد بن على بن الحسين بن على","Quraysh","Qusayy","Hashim","Alid","Husaynid",10,,2,,,,
432,"NQ71","محمد بن زيد بن على بن حسين بن على","Quraysh","Qusayy","Hashim","Alid","Husaynid",9,"عنادة بنت خلف بن حفص بن عمر بن عمرو بن حريث بن عمرو بن عثمان بن عبد الله بن عمر بن مخزوم","Quraysh","Makhzum",,,,10,3,1,,,,
433,"NQ72","محمد بن زيد بن على بن حسين بن على","Quraysh","Qusayy","Hashim","Alid","Husaynid",9,"فاطمة بنت على بن جعفر بن اسحاق بن على بن عبد الله بن جعفر بن ابو طالب","Quraysh","Qusayy","Hashim",,,11,1,2,,,,
434,"NQ72","الحسن بن حسين بن زيد بن على بن حسين بن على","Quraysh","Qusayy","Hashim","Alid","Husaynid",10,"فاطمة بنت محمد بن زيد بن على بن حسين بن على","Quraysh","Qusayy","Hashim","Alid","Husaynid",10,,,,,,
435,"NQ72","محمد بن اسماعيل بن حسن بن زيد بن حسن ين على","Quraysh","Qusayy","Hashim","Alid","Hasanid",10,"فاطمة بنت محمد بن زيد بن على بن حسين بن على","Quraysh","Qusayy","Hashim","Alid","Husaynid",10,,,,,,
436,"NQ72","عمر بن على بن حسين بن على","Quraysh","Qusayy","Hashim","Alid","Husaynid",8,"ام موسى بنت عمر بن على","Quraysh","Qusayy","Hashim","Alid",,7,2,1,,,,
438,"NQ72","عمر بن على بن حسين بن على","Quraysh","Qusayy","Hashim","Alid","Husaynid",8,"ام اسحاق بنت محمد بن عبد الله بن الحارث بن نوفل بن الحارث بن عبد المطلب","Quraysh","Qusayy","Hashim",,,9,1,,,,,
439,"NQ72","على الاصغر بن عمر بن على بن حسين بن على","Quraysh","Qusayy","Hashim","Alid","Husaynid",9,"ام نوفل بنت عبد بن عمر بن نبية بن وهب بن عثمان بن ابو طلحة (بن عبد العزى بن عثمان بن عبد الدار بن قصى NQ252)","Quraysh","Qusayy","Abd al-Dar",,,10,3,1,,,,
441,"NQ72","موسى بن عمر بن على بن حسين بن على","Quraysh","Qusayy","Hashim","Alid","Husaynid",9,"عبيدة بنت الزبير بن هشام بن عروة بن الزبير بن العوام","Quraysh","Qusayy","Asad","Zubayrid",,9,1,2,,,,
443,"NQ72","جعفر الاكبر بن عمر بن على بن حسين بن على","Quraysh","Qusayy","Hashim","Alid","Husaynid",9,"فاطمة بنت عروة بن هشام بن عروة بن الزبير","Quraysh","Qusayy","Asad","Zubayrid",,9,1,,,,,
445,"NQ72","على بن على بن الحسين بن على","Quraysh","Qusayy","Hashim","Alid","Husaynid",8,"ام ابيها بنت محمد بن على بن ابو طالب","Quraysh","Qusayy","Hashim","Alid",,7,,1,,,,
448,"NQ73","الحسن بن على بن على بن حسين بن على","Quraysh","Qusayy","Hashim","Alid","Husaynid",9,"جويرية بنت خالد بن ابو بكر بن عبيد الله بن عبد الله بن عمر بن الخطاب","Quraysh","Adi b. Ka'b",,,,11,1,,,,,
449,"NQ73","الحسن بن على بن على بن حسين بن على","Quraysh","Qusayy","Hashim","Alid","Husaynid",9,"ام سعيد بنت سعيد بن محمد بن جبير بن مطعم بن عدى بن نوفل بن عبد مناف","Quraysh","Qusayy","Nawfal",,,8,1,1,,,,
450,"NQ73","الحسين بن على بن حسين بن على","Quraysh","Qusayy","Hashim","Alid","Husaynid",8,"ام خالد بنت حمزة بن مصعب بن الزبير","Quraysh","Qusayy","Asad","Zubayrid",,8,3,1,,,,
454,"NQ73","هارون الرشيد بن المهدى بن المنصور بن محمد بن على بن عبد الله بن العباس","Quraysh","Qusayy","Hashim","Alid",,10,"زينب بنت عبد الله بن الحسين بن على بن الحسين بن على","Quraysh","Qusayy","Hashim","Alid","Husaynid",10,,,,,,
455,"NQ74","عبد الله بن الحسين بن على بن الحسين بن على","Quraysh","Qusayy","Hashim","Alid","Husaynid",9,"ام عمرو بنت عمرو بن الزبير بن عمرو بن عمرو بن الزبير","Quraysh","Qusayy","Asad","Zubayrid",,10,1,1,,,,
457,"NQ74","عبيد الله بن الحسين بن على بن الحسين بن على","Quraysh","Qusayy","Hashim","Alid","Husaynid",9,"ام ابيها بنت عبد الله بن عبيد الله بن العباس بن على بن ابو طالب","Quraysh","Qusayy","Hashim","Alid",,9,1,,,,,
459,"NQ74","عبيد الله بن الحسين بن على بن الحسين بن على","Quraysh","Qusayy","Hashim",,"Husaynid",9,"ام عبيد الله بنت طلحة بن عمر بن عبيد الله بن معمر(بن عثمان بن عمرو بن كعب بن سعد بن تيم NQ 288)","Quraysh","Taym b. Murra",,,,8,1,,,,,
460,"NQ74","عبيد الله بن الحسين بن على بن الحسين بن على","Quraysh","Qusayy","Hashim",,"Husaynid",9,"حمادة بنت عبد الله بن صفوان بن عبد الله بن صفوان (بن امية بن خلف بن وهب بن خدافة بن جمح NQ386)","Quraysh","Jumah",,,,9,1,1,,,,
461,"NQ74","على بن الحسين بن على بن الحسين بن على","Quraysh","Qusayy","Hashim",,"Husaynid",9,"زينب بنت عون بن عبيد الله بن عبد الله بن الحارث بن نوفل (بن الحارث بن عبد المطلب)","Quraysh","Qusayy","Hashim",,,10,4,3,,,,
462,"NQ74","محمد بن الحسين بن على بن الحسين بن على","Quraysh","Qusayy","Hashim",,"Husaynid",9,"ام كلثوم بنت اسماعيل بن عبد الله بن جعفر بن ابو طالب","Quraysh","Qusayy","Hashim",,,8,1,1,,,,
463,"NQ74","الحسن بن الحسين بن على بن الحسين بن على","Quraysh","Qusayy","Hashim",,"Husaynid",9,"خليدة بنت مروان بن عنبسة بن سعيد بن العاصى","Quraysh","Qusayy","Umayyad",,,"8(10)",2,1,,,,
465,"NQ75","يحيى بن الحسين بن على بن الحسين بن على","Quraysh","Qusayy","Hashim",,"Husaynid",9,"فاطمة بنت هشام بن ابراهيم بن ابراهيم بن عبد بن الاسود بن هشام بن عمرو (بن ربيعة بن الحارث بن حبيب بن جذيمة بن مالك بن حسل بن عامر بن لؤى NQ432)","Quraysh","Amir b. Lu'ayy",,,,11,1,1,,,,
467,"NQ75","يحيى بن الحسين بن على بن الحسين بن على","Quraysh","Qusayy","Hashim",,"Husaynid",9,"ام حكيم بنت محمد بن سليمان بن عاصم بن عمر بن الخطاب","Quraysh","Adi b. Ka'b",,,,10,,1,,,,
469,"NQ75","ابراهيم بن الحسين بن على بن الحسين بن على","Quraysh","Qusayy","Hashim",,"Husaynid",9,"بريكة بنت عبيد الله بن محمد بن المنذر بن الزبير بن العوام","Quraysh","Qusayy","Asad","Zubayrid",,9,2,2,,,,
471,"NQ75","محمد بن على بن ابو طالب","Quraysh","Qusayy","Hashim",,,6,"جمال بنت قيس بن مخرمة بن المطلب بن عبد مناف بن قصى","Quraysh","Qusayy",,,,5,1,,,,,
473,"NQ76","محمد بن على بن ابو طالب","Quraysh","Qusayy","Hashim",,,6,"الشهباء ام عبد الرحمن بنت عبد الرحمن بن نوفل (بن الحارث بن عبد المطلب NQ86)","Quraysh","Qusayy","Hashim",,,7,2,4,,,,
476,"NQ76","محمد بن على بن ابو طالب","Quraysh","Qusayy","Hashim",,,6,"ام جعفر بنت محمد بن جعفر بن ابو طالب","Quraysh","Qusayy","Hashim",,,7,2,,,,,
478,"NQ76","ابو هاشم عبد الله بن محمد بن على","Quraysh","Qusayy","Hashim",,,7,"فاطمة بنت محمد بن عبيد الله بن العباس","Quraysh","Qusayy","Hashim","Abbasid",,7,1,1,,,,
480,"NQ76","ابو هاشم عبد الله بن محمد بن على","Quraysh","Qusayy","Hashim",,,7,"ام الحارث بنت الحارث بن نوفل بن الحارث (بن عبد المطلب)","Quraysh","Qusayy","Hashim",,,7,,2,,,,
481,"NQ76","عبيد الله بن على بن محمد بن على","Quraysh","Qusayy","Hashim",,,8,"لبابة بنت عبد الله بن محمد بن على","Quraysh","Qusayy","Hashim","Alid",,8,,,,,,
485,"NQ77","جعفر بن اسحاق بن على بن عبد الله بن جعفر بن ابو طالب","Quraysh","Qusayy","Hashim",,,9,"فاطمة بنت على بن محمد بن على","Quraysh","Qusayy","Hashim","Alid",,8,1,,,,,
486,"NQ77","الحسن بن على بن محمد بن على","Quraysh","Qusayy","Hashim",,,8,"لبابة بنت عبد الله بن محمد بن على","Quraysh","Qusayy","Hashim","Alid",,8,1,,,,,
487,"NQ77","على بن الحسن بن على بن محمد بن على","Quraysh","Qusayy","Hashim",,,9,"علية بنت عون بن على بن محمد بن على","Quraysh","Qusayy","Hashim","Alid",,9,1,,,,,
490,"NQ77","محمد بن عون بن على بن محمد بن على","Quraysh","Qusayy","Hashim",,,9,"صفية بنت محمد بن مصعب بن الزبير","Quraysh","Qusayy","Asad","Zubayrid",,8,1,2,,,,
491,"NQ77","القاسم بن محمد بن على","Quraysh","Qusayy","Hashim",,,7,"ام يعقوب بنت جعفر بن يعقوب بن عبد الله بن ربيعة بن الحارث بن عبد المطلب","Quraysh","Qusayy","Hashim",,,9,2,1,,,,
495,"NQ78","عالى بن القاسم بن محمد بن على","Quraysh","Qusayy","Hashim",,,8,"ابنة المطلب بن عبد الله بن المطلب بن عبد الله بن المطلب بن حنطب","Quraysh","Makhzum",,,,,,1,,,,
502,"NQ78","عبد الله بن جعفر الاصغر بن محمد بن على","Quraysh","Qusayy","Hashim",,,8,"امينة الكبرى بنت حسين بن على بن الحسين بن على","Quraysh","Qusayy","Hashim","Alid","Husaynid",9,1,,,,,
504,"NQ78","يحيى بن محمد بن على بن عبد الله بن العباس","Quraysh","Qusayy","Hashim",,,8,"اسماء بنت عون بن محمد بن عاى","Quraysh","Qusayy","Hashim","Alid",,8,,,,,,
509,"NQ79","عبيد الله بن العباس بن على","Quraysh","Qusayy","Hashim",,,7,"ام ابيها بنت عبد الله بن معبد بن العباس","Quraysh","Qusayy","Hashim","Abbasid",,7,1,1,,,,
513,"NQ79","الحسن بن عبيد الله بن العباس بن على","Quraysh","Qusayy","Hashim",,,8,"ام الحارث بنت الفضل بن عباس بن ربيعة بن الحارث بن عبد المطلب","Quraysh","Qusayy","Hashim",,,8,3,,,,,
514,"NQ80","عمر بن على","Quraysh","Qusayy","Hashim",,,6,"اسماء بنت عقيل بن ابو طالب","Quraysh","Qusayy","Hashim",,,6,2,1,,,,
518,"NQ80","عبد الله بن محمد بن عمر بن على بن ابو طالب","Quraysh","Qusayy","Hashim",,,9,"ام الحسين بنت عبد الله بن محمد بن على بن الحسين بن على","Quraysh","Qusayy","Hashim","Alid","Husaynid",10,2,1,,,,
519,"NQ80","عبيد الله بن محمد بن عمر بن على بن ابو طالب","Quraysh","Qusayy","Hashim",,,9,"بنت الحسن بن الزبير بن الوليد بن سعيد بن نوفل بن الحارث بن عبد المطلب","Quraysh","Qusayy","Hashim",,,10,2,,,,,
525,"NQ82","القاسم بن محمد بن جعفر بن ابو طالب","Quraysh","Qusayy","Hashim",,,7,"ام كلثوم بنت عبد الله بن جعفر بن ابو طالب","Quraysh","Qusayy","Hashim",,,7,,1,,,,
529,"NQ83","على بن ابو طالب","Quraysh","Qusayy","Hashim",,,5,"فاطمة بنت النبى","Quraysh","Qusayy","Hashim",,,6,,1,,,,
549,"NQ85","الحارث بن عبد المطلب","Quraysh","Qusayy","Hashim",,,4,"عدىة بنت قيس بن طريف بن عبد العزى بن عامرة بن عميرة بن وديعة بن الحارث بن فهر","Quraysh","Harith b. Fihr",,,,2,6,1,,,,
552,"NQ86","الحارث بن نوفل بن الحارث بن عبد المطلب","Quraysh","Qusayy","Hashim",,,6,"هند بنت ابو سفيان بن حرب","Quraysh","Qusayy","Umayyad","Sufyanid",,6,1,,,,,
555,"NQ86","عبد الله بن الحارث بن نوفل","Quraysh","Qusayy","Hashim",,,7,"خلدة بنت معتب بن ابو لهب بن عبد المطلب بن هاشم","Quraysh","Qusayy","Hashim",,,6,1,,,,,
557,"NQ87","عبد الله بن الحارث بن نوفل","Quraysh","Qusayy","Hashim",,,7,"هند بنت خالد بن حزام بن خويلد بن عبد العزى","Quraysh","Qusayy","Asad",,,"5(6)",1,,,,,
558,"NQ87","ربيعة بن الحارث بن عبد المطلب ","Quraysh","Qusayy","Hashim",,,5,"ام الحكم بنت الزبير بن عبد المطلب","Quraysh","Qusayy","Hashim",,,5,9,2,,,,
565,"NQ88","العباس بن ربيعة بن الحارث بن عبد المطلب","Quraysh","Qusayy","Hashim",,,6,"امة الله بنت مسعود بن سويد بن حارثة بن نضلة بن عون بن عبيد بن عويج بن عدى بن كعب","Quraysh","Adi b. Ka'b",,,,6,3,,,,,
569,"NQ90","ابو صيفى بن هاشم بن عبد مناف بن قصى","Quraysh","Qusayy","Hashim",,,3,"هالة بنت كلدة بن عبد مناف بن عبد الدار بن قصى","Quraysh","Qusayy","Abd al-Dar",,,4,1,1,,,,
572,"NQ91","نضلة بن هاشم","Quraysh","Qusayy","Hashim",,,3,"بنت المطلب بن عبد مناف بن قصى","Quraysh","Qusayy",,,,3,1,,,,,
573,"NQ91","الارقم بن نضلة بن هاشم","Quraysh","Qusayy","Hashim",,,4,"خلدة بنت اسد بن هاشم","Quraysh","Qusayy","Hashim",,,4,,3,,,,
581,"NQ91","اسد بن هاشم","Quraysh","Qusayy","Hashim",,,3,"فاطمة بنت هرم بن رواحة بن حجير بن عبد بن معيص بن عامر بن لؤى","Quraysh","Amir b. Lu'ayy",,,,3,,1,,,,
583,"NQ91","حنين بن اسد بن هاشم","Quraysh","Qusayy","Hashim",,,5,"Unnamed","Quraysh","Zuhra",,,,,1,,,,,
633,"NQ100","محمد النبى","Quraysh","Qusayy","Hashim",,,5,"ام حبيبة بنت ابو سفيان بن حرب","Quraysh","Qusayy","Umayyad","Sufyanid",,5,,,,,,
677,"NQ114","المهدى","Quraysh","Qusayy","Hashim",,,9,"رقية بنت عمرو بن خالد بن عبد الله بن عمرو بن عثمان","Quraysh","Qusayy","Umayyad","Uthmanid",,11,1,,,,,
712,"NQ117","ابراهيم بن عبد الله بن حسن بن على بن ابو طالب","Quraysh","Qusayy","Hashim",,"Hasanid",8,"رقية الصغرى بنت محمد الاصغر بن عبد الله بن عمرو بن عثمان بن عفان","Quraysh","Qusayy","Umayyad","Uthmanid",,10,,,,,,
713,"NQ117","محمد بن ابراهيم بن على بن عبيد الله بن عباس","Quraysh","Qusayy","Hashim",,,8,"رقية الصغرى بنت محمد الاصغر بن عبد الله بن عمرو بن عثمان بن عفان","Quraysh","Qusayy","Umayyad","Uthmanid",,10,,,,,,
734,"NQ119","هارون الرشيد بن المهدى بن المنصور بن محمد بن على بن عبد الله بن العباس","Quraysh","Qusayy","Hashim",,,10,"عائشة بنت عبد الله بن سعيد بن المغيرة بن عمرو بن عثمان بن عفان","Quraysh","Qusayy","Umayyad","Uthmanid",,11,,,,,,
735,"NQ119","المنصور بن المهدى","Quraysh","Qusayy","Hashim",,,10,"عائشة بنت عبد الله بن سعيد بن المغيرة بن عمرو بن عثمان بن عفان","Quraysh","Qusayy","Umayyad","Uthmanid",,11,,,,,,
775,"NQ123","ابو لهب/عبد العزى بن عبد المطلب","Quraysh","Qusayy","Hashim",,,4,"ام جميل بنت حرب بن امية بن عبد شمس","Quraysh","Qusayy","Umayyad",,,5,,,,,,
972,"NQ158","على بن ابو طالب","Quraysh","Qusayy","Hashim",,,5,"امامة بنت ابو العاصى بن الربيع بن عبد العزى بن عبد شمس","Quraysh","Qusayy","Abd Shams",,,6,,,,,,
1182,"NQ202","عبد الله بن الفضل بن عباس بن ربيعة بن الحارث بن عبد المطلب","Quraysh","Qusayy","Hashim",,,8,"عبيدة بنت عبيد الله بن عدى الاكبر بن الخيار بن عدى بن نوفل بن عبد مناف","Quraysh","Qusayy","Nawfal",,,7,,"Girls",,,,
1476,"NQ276","محمد النبى","Quraysh","Qusayy","Hashim",,,5,"عائشة بنت  ابو بكر الصديق بن ابو قحافة بن عامر بن عمرو بن كعب بن سعد بن تيم بن مرة","Quraysh","Taym b. Murra",,,,6,,,,,,
1535,"NQ287","المنصور بن محمد بن على بن عبد الله","Quraysh","Qusayy","Hashim",,,7,"فاطمة بنت محمد بن محمد بن عيسى بن طلحة بن عبيد الله بن عثمان بن عمرو بن كعب بن سعد بن تيم","Quraysh","Taym b. Murra",,,,9,3,,,,,
1641,"NQ310","جعفر بن سليمان بن على بن عبد الله بن العباس","Quraysh","Qusayy","Hashim",,,8,"ربيحة بنت المغیرة بن عبد الرحمن بن الحارث","Quraysh","Makhzum",,,,8,,,,,,
1662,"NQ312","على بن ابو طالب","Quraysh","Qusayy","Hashim",,,5,"جويرية بنت ابو جهل بن هشام بن المغيرة  (بن عبدالله بن عمر بن مخزوم)","Quraysh","Makhzum",,,,6,,,,,,
1668,"NQ315","صالح بن على بن عبد الله بن العباس","Quraysh","Qusayy","Hashim",,,8,"حفصة بنت عبد الرحمن بن الحارث بن خالد بن العاصى بن هشام بن المغيرة","Quraysh","Makhzum",,,,9,,,,,,
1675,"NQ316","محمد النبى","Quraysh","Qusayy","Hashim",,,5,"ام سلمة بنت ابو امية بن المغيرة","Quraysh","Makhzum",,,,5,,,,,,
1724,"NQ330","عبد الله بن محمد بن على بن عبد الله بن عباس","Quraysh","Qusayy","Hashim",,,8,"يعقوب بن سلمة بن عبد الله بن الوليد بن الوليد بن المغيرة","Quraysh","Makhzum",,,,9,1,1,,,,
1725,"NQ330","محمد بن عبد الله بن محمد بن على بن عبد الله بن عباس","Quraysh","Qusayy","Hashim",,,9,"ريطة بنت عبد الله بن محمد بن على بن عبد الله بن عباس ","Quraysh","Qusayy","Hashim","Abbasid",,9,2,,,,,
1832,"NQ348","محمد النبى","Quraysh","Qusayy","Hashim",,,5,"حفصة بنت عمر بن الخطاب","Quraysh","Adi b. Ka'b",,,,7,,,,,,
1870,"NQ357","داوود بن علي بن عبد الله بن العباس بن عبد المطلب","Quraysh","Qusayy","Hashim",,,7,"ام عبد الرحمن بنت عبد الله بن عبد الله بن عمر بن الخطاب بن نفيل بن عبد العزى بن رياح بن عبد الله بن قرط بن رزاح بن عدى بن كعب بن لؤى بن غالب بن فهر","Quraysh","Adi b. Ka'b",,,,9,,,,,,
1884,"NQ359","عبد الله ابو الكرام بن محمد بن على بن عبد الله بن جعفر بن ابو طالب","Quraysh","Qusayy","Hashim",,,9,"آمنة الكبرى بنت عبد العزيز بن عبد الله بن عبد الله بن عمر بن الخطاب بن نفيل بن عبد العزى بن رياح بن عبد الله بن قرط بن رزاح بن عدى بن كعب بن لؤى بن غالب بن فهر","Quraysh","Adi b. Ka'b",,,,10,,,,,,
2102,"NQ398","جعفر بن عبد الله بن الحسين بن على بن الحسين بن على بن ابو طالب","Quraysh","Qusayy","Hashim",,"Husaynid",10,"ام اياس بنت محمد بن مسلم بن مرة بن ابو عزة بن عبد الله بن عمير بن اهيب بن حذافة بن جمح","Quraysh","Jumah",,,,9,,,,,,
2218,"NQ420","الحسين بن على بن ابو طالب","Quraysh","Qusayy","Hashim",,"Husaynid",6,"هند بنت سهيل بن عمرو بن عبد شمس بن عبد ود بن نصر بن مالك بن حسل بن عامر بن لؤى بن غالب","Quraysh","Amir b. Lu'ayy",,,,5,,,,,,
2236,"NQ422","محمد النبى","Quraysh","Qusayy","Hashim",,,5,"سودة بنت زمعة بن قيس","Quraysh","Amir b. Lu'ayy",,,,5,,,,,,
237,"NQ42","على بن ابو طالب","Quraysh","Qusayy","Hashim",,,5,"الصهباء/ام حبيب بنت ربيعة ","Taghlib",,,,,,1,1,,,,
241,"NQ44","عبد الله بن جعفر بن ابو طالب","Quraysh","Qusayy","Hashim",,,6,"ليلى بنت مسعود بن خالد بن مالك بن ربعى بن سلمى بن جندل بن نشهل بن دارم","Tamim",,,,,,1,2,,,,
179,"NQ31","العباس/العنق بن عبد الله بن عباس بن عبد المطلب","Quraysh","Qusayy","Hashim",,,6,"مريم بنت عباد بن مسعود بن خالد بن مالك بن ربعى بن سلمى بن جندل بن نشهل بن دارم","Tamim ",,,,,,,,,,,
536,"NQ83","على بن ابو طالب","Quraysh","Qusayy","Hashim",,,5,"ليلى بنت مسعود بن خالد بن مالك بن ربعى بن سلمى بن جندل بن نشهل","Tamim ",,,,,,2,,,,,
328,"NQ55","الحسن بن ابراهيم بن محمد بن عبد الله بن الحسن بن الحسن بن على","Quraysh","Qusayy","Hashim",,"Hasanid",11,"Unnamed woman - zuima min Banu Tamim","Tamim  ",,,,,,1,,,,,
59,"NQ16","هاشم بن عبد مناف","Quraysh","Qusayy","Hashim",,,2,"ام عدىّ بنت حبيب بن الحارث بن مالك بن حطيط بن جشم بن قسىّ بن منبه بن بكر بن هوازن","Thaqif",,,,,,,1,,,,
246,"NQ44","على بن ابو طالب","Quraysh","Qusayy","Hashim",,,5,"ام سعيد بنت عروة بن مسعود بن معتب","Thaqif",,,,,,,2,,,,
304,"NQ53","محمد بن الحسن بن الحسن بن على","Quraysh","Qusayy","Hashim",,"Hasanid",8,"تماضر بنت عبد الله بن عاصم بن عروة بن مسعود بن معتب بن مالك الثقفى","Thaqif",,,,,,,2,,,,
342,"NQ57","الحسين بن على بن ابو طالب","Quraysh","Qusayy","Hashim",,"Husaynid",6,"آمنة/ليلى بنت ابو مرة بن عروة بن مسعود بن معتب بن مالك بن معتب بن عمرو بن سعد بن عوف بن قسى","Thaqif",,,,,,1,,,,,
370,"NQ63","محمد بن على بن الحسين بن على","Quraysh","Qusayy","Hashim",,"Husaynid",8,"ام حكيم بنت اسيد بن المغيرة بن الاخنس بن شريق الثقفى","Thaqif",,,,,,2,,,,,
145,"NQ28","فضل بن عباس","Quraysh","Qusayy","Hashim",,,5,"ام سلمة بنت محمية بن جزء الزبيدى","Yemen","Madhhij","Zubaidi",,,,,1,,,,
157,"NQ29","عبيد الله بن العباس بن عبد المطلب","Quraysh","Qusayy","Hashim",,,5,"عاثية بنت عبد الله/عبد الحجر بن عبد المدان بن الديان من بنو الحارث بن كعب","Yemen","Madhhij","Harith b. Ka'b",,,,,1,,,,
170,"NQ30","محمد بن على بن عبد الله بن العباس","Quraysh","Qusayy","Hashim",,,7,"ريطة بنت عبيد الله بن عبد الله/عبد الحجر بن عبد المدان بن الديان بن قطن بن زياد بن الحارث بن مالك بن ربيعة بن كعب بن الحارث بن كعب بن عمرو بن علة بن جلد","Yemen","Madhhij","Harith b. Ka'b",,,,1,,,,,
184,"NQ31","عبيد الله بن عباس","Quraysh","Qusayy","Hashim",,,5,"عائشة بنت عبد الله بن عبد المدان بن الديان","Yemen","Madhhij","Harith b. Ka'b",,,,1,1,,,,
