"Numbering","Source","HusbandName","HusbandTribe ","HusbandSubtribe1","HusbandSubtribe2","HusbandGeneration","WifeTribe","WifeSubtribe1","WifeSubtribe2","WifeSubtribe3","WifeSubtribe4",,"WifeGeneration","Sons","Daughters","H Lat","H Lng","W Lat","W Lng"
630,"NQ100","امية الاكبر بن عبد شمس","Quraysh","Qusayy","Umayyad",3,"امامة بنت حميرى بن الحارث بن جابر بن الاسود بن عمرو بن عدى بن نصر بن مالك بن سعود بن مالك بن عمم بن عمر بن نمارة بن لخم","Lakhmid",,,,,,1,,,,,
622,"NQ99","امية الاكبر بن عبد شمس","Quraysh","Qusayy","Umayyad",3,"آمنة بنت ابان بن كليب بن ربيعة بن عامر بن صعصعة بن معاوية بن بكر بن هوازن","Qays Aylan","Amir b. Sa'sa'a",,,,,4,3,,,,
628,"NQ100","امية الاكبر بن عبد شمس","Quraysh","Qusayy","Umayyad",3,"امة بنت ابو همهمة بن عبد العزى بن عامرة بن عميرة بن وديعة بن الحارث بن فهر","Quraysh","Harith b. Fihr",,,,1,6,1,,,,
631,"NQ100","ابو العاصى بن امية الاكبر بن عبد شمس","Quraysh","Qusayy","Umayyad",4,"آمنة بنت عبد العزى بن حرثان بن عوف بن عبيد بن عويج بن عدى بن كعب","Quraysh","Adi b. Ka'b",,,,4,4,2,,,,
634,"NQ100","ابو العاصى بن امية الاكبر بن عبد شمس","Quraysh","Qusayy","Umayyad",4,"رقية بنت الحارث بن كعب بن عبيد بن عمر بن مخزوم","Quraysh","Makhzum",,,,5,2,1,,,,
637,"NQ101","ابو العاصى بن امية الاكبر بن عبد شمس","Quraysh","Qusayy","Umayyad",4,"صفية بنت ربيعة بن عبد شمس","Quraysh","Qusayy","Abd Shams",,,4,,1,,,,
638,"NQ101","ابو العاصى بن امية الاكبر بن عبد شمس","Quraysh","Qusayy","Umayyad",4,"اروى بنت اسيد بن علاج بن ابو سلمة","Thaqif",,,,,,1,1,,,,
1656,"NQ312","ابو العيص بن امية","Quraysh","Qusayy","Umayyad",4,"رقية بنت اسد بن عبد العزى بن قصى","Quraysh","Qusayy","Asad",,,3,,1,,,,
1133,"NQ187","ابو العيص بن امية بن عبد شمس","Quraysh","Qusayy","Umayyad",4,"اروى بنت اسيد بن عمرو بن علاج بن ابو سلمة من ثقيف","Thaqif",,,,,,,,,,,
870,"NQ135","ابو عمرو بن امية","Quraysh","Qusayy","Umayyad",4,"آمنة بنت ابان بن كليب بن ربيعة بن عامر بن صعصعة","Qays Aylan","Amir b. Sa'sa'a",,,,,1,,,,,
876,"NQ137","ابو عمرو بن امية","Quraysh","Qusayy","Umayyad",4,"ريطة بنت الحويرث بن الحارث بن حبيب بن الحارث بن مالك بن حطيط بن جشم بن ثقيف","Thaqif",,,,,,3,3,,,,
1090,"NQ174","العاصى بن امية","Quraysh","Qusayy","Umayyad",4,"ريطة بنت البياع بن عبد ياليل بن ناشب بن غيرة بن سعد (بن ليث بن بكر )","Kinana","Layth",,,,,1,2,,,,
760,"NQ121","حرب بن امية","Quraysh","Qusayy","Umayyad",4,"صفية بنت حزن بن بجير بن الهزم بن رويبة بن عبد الله بن هلال بن عامر بن صعصعة","Qays Aylan","Amir b. Sa'sa'a",,,,,1,2,,,,
766,"NQ123","حرب بن امية","Quraysh","Qusayy","Umayyad",4,"ام قتال بنت عبد(بن) الحارث بن زهرة","Quraysh","Zuhra",,,,3,,1,,,,
765,"NQ123","حرب بن امية","Quraysh","Qusayy","Umayyad",4,"Unnamed","Tamim",,,,,,1,1,,,,
770,"NQ123","حرب بن امية","Quraysh","Qusayy","Umayyad",4,"فاختة بنت عامر بن معتب الثقفى","Thaqif",,,,,,2,1,,,,
1165,"NQ200","سفيان بن امية (بن عبد شمس NQ429)","Quraysh","Qusayy","Umayyad",4,"الرباب بنت الحارث بن حباب","Unknown",,,,,,1,,,,,
869,"NQ135","عمرو بن امية","Quraysh","Qusayy","Umayyad",4,"ام قتال بنت عبد(بن) الحارث بن زهرة","Quraysh","Zuhra",,,,3,1,,,,,
884,"NQ138","ابو معيط بن ابو عمرو بن امية","Quraysh","Qusayy","Umayyad",5,"سالمة بنت امية بن حارثة بن الاوقص","Qays Aylan","Sulaym",,,,,2,2,,,,
881,"NQ137","ابو وحرة بن ابو عمرو بن امية","Quraysh","Qusayy","Umayyad",5,"ريطة بنت نضلة بن قانف بن الحويرث بن الحارث بن حبيب الثقفى","Thaqif",,,,,,2,2,,,,
1134,"NQ187","اسيد بن ابو العيص بن امية بن عبد شمس","Quraysh","Qusayy","Umayyad",5,"زينب بنت ابو عمرو بن امية","Quraysh","Qusayy","Umayyad",,,5,2,,,,,
867,"NQ135","الحارث بن حرب بن امية","Quraysh","Qusayy","Umayyad",5,"صفية بنت عبد المطلب بن هاشم","Quraysh","Qusayy","Hashim",,,4,,1,,,,
979,"NQ159","الحكم بن ابو العاصى بن امية","Quraysh","Qusayy","Umayyad",5,"مليكة بنت اوفى بن خارجة بن سنان بن ابو حارثة بن مرة بن نشبة بن غيظ بن مرة بن عوف","Ghatafan","Murra b. Awf",,,,,5,4,,,,
976,"NQ159","الحكم بن ابو العاصى بن امية","Quraysh","Qusayy","Umayyad",5,"أمنة بنت علقمة بن صفوان بن امية بن محرث بن خمل بن شق بن رقبة بن مخرج بن الحارث بن ثعلبة بن مالك بن كنانة","Kinana",,,,,,5,2,,,,
986,"NQ160","الحكم بن ابو العاصى بن امية","Quraysh","Qusayy","Umayyad",5,"البعيثة بنت هاشم بن عتبة (بن ربيعة بن عبد شمس)","Quraysh","Qusayy","Abd Shams",,,6,1,,,,,
981,"NQ159","الحكم بن ابو العاصى بن امية","Quraysh","Qusayy","Umayyad",5,"ام النعمان بنت الحارث بن انس بن ابو عمرو بن عمرو بن وهب بن عمرو بن عامر بن سيار بن مالك بن حطيط بن جشم بن قسى/ثقيف بن منبه بن بكر بن هوازن","Thaqif",,,,,,3,3,,,,
984,"NQ160","الحكم بن ابو العاصى بن امية","Quraysh","Qusayy","Umayyad",5,"بنت منبه بن شبيل بن العجلان بن عتاب بن مالك بن كعب من ثقیف","Thaqif",,,,,,5,1,,,,
1087,"NQ173","المغيرة بن ابو العاصى","Quraysh","Qusayy","Umayyad",5,"بسرة بنت صفوان بن نوفل بن اسد بن عبد العزى","Quraysh","Qusayy","Asad",,,5,1,,,,,
1419,"NQ267","حذيفة بن عتبة بن ربيعة (بن عبد شمس)","Quraysh","Qusayy","Umayyad",5,"سهلة بنت سهيل بن عمرو بن عبد شمس","Quraysh","Qusayy","Umayyad",,,5,1,,,,,
1100,"NQ174","سعيد بن العاصى بن امية","Quraysh","Qusayy","Umayyad",5,"ام خالد بنت خباب بن عبد ياليل بن ناشب بن غيرة بن سعد بن ليث بن بكر ","Kinana","Layth",,,,,1,,,,,
1095,"NQ174","سعيد بن العاصى بن امية","Quraysh","Qusayy","Umayyad",5,"صفية بنت المغيرة بن عبد الله بن عمر بن مخزوم","Quraysh","Makhzum",,,,4,4,,,,,
1096,"NQ174","سعيد بن العاصى بن امية","Quraysh","Qusayy","Umayyad",5,"هند بنت المغيرة بن عبد الله بن عمر بن مخزوم","Quraysh","Makhzum",,,,4,2,1,,,,
887,"NQ138","طبيق بن سفيان بن امية بن عبد شمس","Quraysh","Qusayy","Umayyad",5,"اروى بنت ابو معيط بن ابو عمرو بن امية","Quraysh","Qusayy","Umayyad",,,6,,,,,,
85,"NQ18","عفان بن ابو العاص","Quraysh","Qusayy","Umayyad",5,"اروى بنت كريز بن ربيعة بن حبيب بن عبد شمس","Quraysh","Qusayy",,,,6,1,,,,,
2009,"NQ381","عفيف بن ابو العاصى بن امية","Quraysh","Qusayy","Umayyad",5,"النابغة بنت حرملة","Concubine of Anaza b. Asad b. Rabi'a",,,,,,,1,,,,
864,"NQ134","عمرو بن حرب بن امية","Quraysh","Qusayy","Umayyad",5,"الفارعة بنت عدى بن نوفل بن عبد مناف","Quraysh","Qusayy",,,,4,1,1,,,,
2256,"NQ425","عمرو بن حرب بن امية بن عبد شمس","Quraysh","Qusayy","Umayyad",5,"زينب بنت عدى بن نوفل بن عبد مناف","Quraysh","Qusayy","Nawfal",,,4,1,,,,,
878,"NQ137","کمیم بن ابو عمرو","Quraysh","Qusayy","Umayyad",5,"برة بنت عبد العزى بن عثمان بن عبد الدار بن قصى","Quraysh","Qusayy","Abd al-Dar",,,,,1,,,,
871,"NQ137","مسافر بن ابو عمرو بن امية","Quraysh","Qusayy","Umayyad",5,"Unnamed",,,,,,,,1,,,,
1075,"NQ171","ابان بن الحكم بن ابو العاصى","Quraysh","Qusayy","Umayyad",6,"ام عثمان بنت خالد بن عقبة بن ابو معيط","Quraysh","Qusayy","Umayyad",,,8,2,1,,,,
1066,"NQ170","الحارث بن الحكم بن ابو العاصى","Quraysh","Qusayy","Umayyad",6,"بنت ذؤيب بن حلحلة من خزاعة","Khuza'a ",,,,,,,1,,,,
1068,"NQ170","الحارث بن الحكم بن ابو العاصى","Quraysh","Qusayy","Umayyad",6,"عائشة بنت عثمان بن عفان","Quraysh","Qusayy","Umayyad","Uthmanid",,7,2,,,,,
1065,"NQ170","الحارث بن الحكم بن ابو العاصى","Quraysh","Qusayy","Umayyad",6,"المفداة بنت ازبرقان بن بدر بن امرئ القيس بن خلف بن بهدلة بن عوف بن كعب بن سعد بن زيد مناة بن تميم","Tamim","Zayd Mana'a",,,,,4,,,,,
1101,"NQ176","العاصى بن سعيد بن العاصى بن امية","Quraysh","Qusayy","Umayyad",6,"ام كلثوم بنت عمرو بن عبد الله بن ابو قيس بن عبد ود بن نصر بن مالك بن حسل بن عامر بن لؤى","Quraysh","Amir b. Lu'ayy",,,,5,1,,,,,
1083,"NQ172","حبيب بن الحكم بن ابو العاصى","Quraysh","Qusayy","Umayyad",6,"مريم بنت عبد الله بن ابو معقل بن نهيل بن اساف من بنو حارثة من الاوس","Aws","Harith",,,,,,1,,,,
1136,"NQ188","خالد بن اسيد بن ابو العيص بن امية بن عبد شمس","Quraysh","Qusayy","Umayyad",6,"ريطة بنت عبد الله بن خزاعى بن اسيد بن الحويرث بن الحارث بن حبيب بن الحارث بن مالك بن حطيط بن جشم من ثقيف","Thaqif",,,,,,3,,,,,
1587,"NQ303","خالد بن سعيد بن العاصى","Quraysh","Qusayy","Umayyad",6,"ام حكيم بنت الحارث بن هشام بن المغيرة بن عبد الله بن عمر بن مخزوم بن يقظة بن مرة بن كعب بن لؤى بن غالب بن فهر","Quraysh","Makhzum",,,,6,,,,,,
1074,"NQ171","عبد الرحمن بن الحكم بن ابو العاصى","Quraysh","Qusayy","Umayyad",6,"ام القاسم بنت عبد الله بن خالد بن اسيد","Quraysh","Qusayy","Umayyad",,,8,2,,,,,
1135,"NQ187","عتاب بن اسيد بن ابو العيص بن امية بن عبد شمس","Quraysh","Qusayy","Umayyad",6,"جويرية بنت ابو جهل بن هشام بن المغيرة  (بن عبدالله بن عمر بن مخزوم)","Quraysh","Makhzum",,,,6,1,,,,,
904,"NQ147","عقبة بن ابو معيط بن ابو عمرو بن امية","Quraysh","Qusayy","Umayyad",6,"اروى بنت كريز بن ربيعة بن حبيب بن عبد شمس","Quraysh","Qusayy","Abd Shams",,,6,,,,,,
1088,"NQ173","معاوية بن المغيرة بن ابو العاصى","Quraysh","Qusayy","Umayyad",6,"فاطمة بنت عامر بن حذيم بن سلامان بن ربيعة بن سعد بن اسد بن جمح","Quraysh","Jumah",,,,7,,1,,,,
1077,"NQ171","يحيى بن الحكم بن ابو العاصى","Quraysh","Qusayy","Umayyad",6,"ام كلثوم بنت محمد بن ربيعة بن الحارث بن عبد المطلب","Quraysh","Qusayy","Hashim",,,7,2,,,,,
1080,"NQ172","يحيى بن الحكم بن ابو العاصى","Quraysh","Qusayy","Umayyad",6,"زينب بنت عبد الرحمن بن الحارث بن هشام","Quraysh","Makhzum",,,,7,1,1,,,,
1078,"NQ171","يحيى بن الحكم بن ابو العاصى","Quraysh","Qusayy","Umayyad",6,"ام سليمان بنت عامر ذى الغصة بن الحرش بن كعب بن قيس","Unknown",,,,,,2,1,,,,
896,"NQ146","الوليد بن عقبة بن ابو معيط بن ابو عمرو بن امية","Quraysh","Qusayy","Umayyad",7,"الربيع بنت ذى الخمار من بنو اسد بن خزيمة","Asad b. Khuzayma",,,,,,1,,,,,
1121,"NQ181","خالد بن عقبة (بن ابو معيط بن ابو عمرو بن امية)","Quraysh","Qusayy","Umayyad",7,"رملة بنت سعيد بن العاصى بن سعيد بن العاصى بن امية","Quraysh","Qusayy","Umayyad",,,8,,,,,,
897,"NQ147","خالد بن عقبة بن ابو معيط بن ابو عمرو بن امية","Quraysh","Qusayy","Umayyad",7,"تماضر بنت الاصبغ بن عمرو بن ثعلبة بن الحارث بن حصن الكلبى (بن ضمضم بن عدى بن جناب بن هبل بن كلب)","Kalb",,,,,,1,,,,,
824,"NQ131","سعيد بن العاصى بن سعيد بن العاصى","Quraysh","Qusayy","Umayyad",7,"اميمة بنت جرير بن عبد الله البجلى","Bajila",,,,,,,1,,,,
1622,"NQ308","سعيد بن العاصى بن سعيد بن العاصى (بن امية)","Quraysh","Qusayy","Umayyad",7,"ام سلمة بنت عبد الرحمن بن الحارث بن هشام (بن المغيرة)","Quraysh","Makhzum",,,,7,,,,,,
1120,"NQ181","سعيد بن العاصى بن سعيد بن العاصى بن امية","Quraysh","Qusayy","Umayyad",7,"بنت عامر بن مالك بن عامر","Bajila",,,,,,,3,,,,
1117,"NQ181","سعيد بن العاصى بن سعيد بن العاصى بن امية","Quraysh","Qusayy","Umayyad",7,"عائشة بنت جرير بن عبد الله البجلى","Bajila",,,,,,1,1,,,,
1105,"NQ180","سعيد بن العاصى بن سعيد بن العاصى بن امية","Quraysh","Qusayy","Umayyad",7,"Woman of Kinana","Kinana",,,,,,1,,,,,
1110,"NQ180","سعيد بن العاصى بن سعيد بن العاصى بن امية","Quraysh","Qusayy","Umayyad",7,"ام سلمة بنت حبيب بن بجير بن عامر بن مالك بن جعفر بن كلاب","Qays Aylan","Amir b. Sa'sa'a","Malik of Ja'far of Kilab",,,,1,,,,,
1116,"NQ181","سعيد بن العاصى بن سعيد بن العاصى بن امية","Quraysh","Qusayy","Umayyad",7,"بنت سلمة بن قيس بن علاثة بن عوف بن الاحوص بن جعفر","Qays Aylan","Amir b. Sa'sa'a","Kilab b. Rabi'a",,,,1,,,,,
1102,"NQ178","سعيد بن العاصى بن سعيد بن العاصى بن امية","Quraysh","Qusayy","Umayyad",7,"ام البنين بنت الحكم بن ابو العاصى بن امية","Quraysh","Qusayy","Umayyad",,,6,2,,,,,
1103,"NQ179","سعيد بن العاصى بن سعيد بن العاصى بن امية","Quraysh","Qusayy","Umayyad",7,"ام حبيب بنت جبير بن مطعم بن عدى بن نوفل بن عبد مناف","Quraysh","Qusayy",,,,6,1,,,,,
1106,"NQ180","سعيد بن العاصى بن سعيد بن العاصى بن امية","Quraysh","Qusayy","Umayyad",7,"ام عمرو بنت عثمان بن عفان","Quraysh","Qusayy","Umayyad","Uthmanid",,7,4,1,,,,
1111,"NQ180","سعيد بن العاصى بن سعيد بن العاصى بن امية","Quraysh","Qusayy","Umayyad",7,"بنت عثمان بن عفان","Quraysh","Qusayy","Umayyad","Uthmanid",,7,1,,,,,
1104,"NQ179","سعيد بن العاصى بن سعيد بن العاصى بن امية","Quraysh","Qusayy","Umayyad",7,"العالية بنت سلمة بن يزيد بن مشجعة بن المجمع بن مالك بن كعب بن سعد بن عوف بن حريم بن جعفى بن سعد العشيرة","Yemen ","Madhhij",,,,,1,,,,,
2216,"NQ420","عبد الرحمن بن عتاب بن اسيد (بن ابو العيص بن امية بن عبد شمس)","Quraysh","Qusayy","Umayyad",7,"هند بنت سهيل بن عمرو بن عبد شمس بن عبد ود بن نصر بن مالك بن حسل بن عامر بن لؤى بن غالب","Quraysh","Amir b. Lu'ayy",,,,5,,,,,,
1151,"NQ193","عبد الرحمن بن عتاب بن اسيد بن ابو العيص بن امية بن عبد شمس","Quraysh","Qusayy","Umayyad",7,"بنت ابو اهاب بن عزيز (بن قيس بن سويد بن ربيعة بن زيد بن عبد الله بن دارم)","Tamim",,,,,,1,,,,,
2014,"NQ382","عبد العزيز بن الحارث بن الحكم","Quraysh","Qusayy","Umayyad",7,"عاتكة بنت النعمان بن عدى بن نضلة بن عبد العزى بن حرثان بن عوف بن عبيد بن عويج بن عدى بن كعب","Quraysh","Adi b. Ka'b",,,,7,1,,,,,
1365,"NQ253","عبد الله بن خالد بن اسيد (بن ابو العيص)","Quraysh","Qusayy","Umayyad",7,"ام حجير/برة بنت شيبة بن عثمان بن طلحة بن ابو طلحة بن عبد العزى بن عثمان بن عبد الدار بن قصى ","Quraysh","Qusayy","Abd al-Dar",,,8,,,,,,
662,"NQ112","عبد الله بن خالد بن اسيد بن ابو العيص","Quraysh","Qusayy","Umayyad",7,"ام خالد بنت عثمان بن عفان","Quraysh","Qusayy","Umayyad","Uthmanid",,7,,,,,,
661,"NQ112","عبد الله بن خالد بن اسيد بن ابو العيص","Quraysh","Qusayy","Umayyad",7,"ام عثمان بنت عثمان بن عفان","Quraysh","Qusayy","Umayyad","Uthmanid",,7,,,,,,
1142,"NQ191","عبد الله بن خالد بن اسيد بن ابو العيص بن امية بن عبد شمس","Quraysh","Qusayy","Umayyad",7,"سرية بنت حصن بن حذيفة بن بدر الفزارى","Ghatafan","Fazara",,,,,2,,,,,
1137,"NQ188","عبد الله بن خالد بن اسيد بن ابو العيص بن امية بن عبد شمس","Quraysh","Qusayy","Umayyad",7,"بنت المكعبر","Persian",,,,,,1,,,,,
1140,"NQ190","عبد الله بن خالد بن اسيد بن ابو العيص بن امية بن عبد شمس","Quraysh","Qusayy","Umayyad",7,"ام حبيب بنت جبير بن مطعم بن عدى بن نوفل بن عبد مناف","Quraysh","Qusayy",,,,6,2,,,,,
1143,"NQ192","عبد الله بن خالد بن اسيد بن ابو العيص بن امية بن عبد شمس","Quraysh","Qusayy","Umayyad",7,"مليكة بنت حصين بن عبد يغوث بن مروان","Yemen","Madhhij","Murad",,,,2,4,,,,
991,"NQ160","عبد الملك بن الحارث بن الحكم","Quraysh","Qusayy","Umayyad",7,"ام عثمان بنت مروان بن الحكم بن ابو العاصى بن امية","Quraysh","Qusayy","Umayyad",,,7,,,,,,
1069,"NQ170","عبد الملك بن الحارث بن الحكم بن ابو العاصى","Quraysh","Qusayy","Umayyad",7,"ام عمرو بنت عبد الرحمن بن الحكم","Quraysh","Qusayy","Umayyad",,,7,1,1,,,,
1071,"NQ170","عبد الملك بن الحارث بن الحكم بن ابو العاصى","Quraysh","Qusayy","Umayyad",7,"المدلة بنت زرعة بن العارف الضبابي","Unknown",,,,,,,,,,,
1084,"NQ172","عثمان بن ابان بن الحكم بن ابو العاصى","Quraysh","Qusayy","Umayyad",7,"ام عبد الله بنت حبيب بن الحكم بن ابو العاصى","Quraysh","Qusayy","Umayyad",,,7,,1,,,,
663,"NQ112","عثمان بن الحارث بن الحكم بن أبي العاصي","Quraysh","Qusayy","Umayyad",7,"عائشة بنت عثمان بن عفان","Quraysh","Qusayy","Umayyad","Uthmanid",,7,,,,,,
1073,"NQ171","اسماعيل بن عبد الملك بن الحارث بن الحكم بن العاصى","Quraysh","Qusayy","Umayyad",8,"ام كلثوم بنت الحسين بن الحسن بن على","Quraysh","Qusayy","Hashim","Alid","Husaynid",8,5,,,,,
666,"NQ112","خالد بن الوليد بن عقبة بن ابو معيط بن أبو عمرو بن أمية","Quraysh","Qusayy","Umayyad",8,"اروى بنت عثمان بن عفان","Quraysh","Qusayy","Umayyad","Uthmanid",,7,,,,,,
1149,"NQ192","خالد بن عبد الله بن خالد بن اسيد بن ابو العيص بن امية بن عبد شمس","Quraysh","Qusayy","Umayyad",8,"عائشة بنت عبد الله بن خلف بن اسعد بن عامر بن بياضة الخزاعى","Khuza'a ",,,,,,2,,,,,
482,"NQ76","سعيد بن عبد الله بن عمرو بن سعيد بن العاصى بن امية","Quraysh","Qusayy","Umayyad",8,"لبابة بنت عبد الله بن محمد بن على","Quraysh","Qusayy","Hashim","Alid",,8,,,,,,
1046,"NQ168","عبد الله بن عبد العزيز بن الحارث بن الحكم","Quraysh","Qusayy","Umayyad",8,"رملة بنت محمد بن مروان بن الحكم","Quraysh","Qusayy","Umayyad","Marwanid",,8,,1,,,,
1128,"NQ182","عمرو بن سعيد بن العاصى بن سعيد بن العاصى بن امية","Quraysh","Qusayy","Umayyad",8,"ام حبيب بنت حريث بن سليم من بنو عذرة","Udhra",,,,,,4,1,,,,
1125,"NQ181","محمد بن عثمان بن محمد بن ابو سفيان","Quraysh","Qusayy","Umayyad",8,"اميمة بنت سعيد بن العاصى بن سعيد بن العاصى بن امية","Quraysh","Qusayy","Umayyad",,,8,,,,,,
1131,"NQ182","يحيى بن سعيد بن العاصى بن سعيد بن العاصى بن امية","Quraysh","Qusayy","Umayyad",8,"ام عيسى بنت عبيد الله بن عمر بن الخطاب","Quraysh","Adi b. Ka'b",,,,7,1,,,,,
1911,"NQ363","سعيد بن يحيى بن سعيد بن العاصى بن سعيد","Quraysh","Qusayy","Umayyad",9,"ام سلمة بنت ابو بكر بن عبيد الله بن عمر بن الخطاب","Quraysh","Adi b. Ka'b",,,,9,,,,,,
697,"NQ116","يحيى بن عباد بن عبد الله بن خالد بن اسيد (ابو العيص)","Quraysh","Qusayy","Umayyad",9,"اسماء بنت عروة بن الزبير بن العوام","Quraysh","Qusayy","Asad","Zubayrid",,8,,2,,,,
647,"NQ104","عثمان بن عفان","Quraysh","Qusayy","Umayyad","Uthmanid",6,"ام عمرو بنت جندب بن عمرو بن حممة من الازد من دوس","Daws","Azd",,,,,4,1,,,
650,"NQ104","عثمان بن عفان","Quraysh","Qusayy","Umayyad","Uthmanid",6,"ام البنين بنت عيينة بن حصن بن حذيمة بن بدر","Ghatafan","Fazara",,,,,1,,,,
653,"NQ105","عثمان بن عفان","Quraysh","Qusayy","Umayyad","Uthmanid",6,"نائلة بنت الفرافصة بن الاحوص بن عمرو بن ثعلبة بن الحارث بن حصن بن ضمضم بن عدى بن جناب بن كلب بن وبرة","Kalb",,,,,,,3,,,
646,"NQ104","عثمان بن عفان","Quraysh","Qusayy","Umayyad","Uthmanid",6,"فاختة بنت غزوان بن جابر","Qays Aylan","Mazin b. Mansur",,,,,1,,,,
1660,"NQ312","عثمان بن عفان","Quraysh","Qusayy","Umayyad","Uthmanid",6,"ام عبد الله بنت الوليد بن عبد شمس بن المغيرة بن عبد الله بن عمرو بن مخزوم","Quraysh","Makhzum",,,,6,2,,,,
127,"NQ23","عثمان بن عفان","Quraysh","Qusayy","Umayyad","Uthmanid",6,"ام كلثوم بنت محمد  ","Quraysh","Qusayy","Hashim",,,6,,,,,
126,"NQ22","عثمان بن عفان","Quraysh","Qusayy","Umayyad","Uthmanid",6,"رقية بنت محمد","Quraysh","Qusayy","Hashim",,,6,1,,,,
959,"NQ156","عثمان بن عفان بن ابو العاص","Quraysh","Qusayy","Umayyad","Uthmanid",6,"رملة بنت شيبة بن ربيعة بن عبد شمس","Quraysh","Qusayy","Abd Shams",,,5,,,,,
1612,"NQ307","ابان بن عثمان بن عفان","Quraysh","Qusayy","Umayyad","Uthmanid",7,"ام سعيد بنت عبد الرحمن بن الحارث بن هشام (بن المغيرة)","Quraysh","Makhzum",,,,7,,,,,
753,"NQ121","الوليد بن عثمان بن عفان","Quraysh","Qusayy","Umayyad","Uthmanid",7,"ام عمرو بنت مروان بن الحكم","Quraysh","Qusayy","Umayyad","Marwanid",,7,,1,,,
751,"NQ121","الوليد بن عثمان بن عفان","Quraysh","Qusayy","Umayyad","Uthmanid",7,"عائشة بنت الزبير","Quraysh","Qusayy","Asad","Zubayrid",,6,1,,,,
754,"NQ121","الوليد بن عثمان بن عفان","Quraysh","Qusayy","Umayyad","Uthmanid",7,"لبابة بنت الاسود بن سفيان بن عبد الاسد بن هلال بن عبد الله بن عمرو بن مخزوم","Quraysh","Makhzum",,,,7,,1,,,
758,"NQ121","سعيد بن عثمان بن عفان","Quraysh","Qusayy","Umayyad","Uthmanid",7,"ابنة ابو سفيان بن حرب بن امية","Quraysh","Qusayy","Umayyad","Sufyanid",,6,1,1,,,
747,"NQ120","عمر بن عثمان بن عفان","Quraysh","Qusayy","Umayyad","Uthmanid",7,"ام الحكم بنت ذؤيب بن حلحلة بن عمرو بن كليب بن اصرم بن عبد الله بن قمير بن حبشية بن سلول بن كعب","Khuza'a",,,,,8,,1,,,
803,"NQ128","عمرو بن عثمان بن  عفان","Quraysh","Qusayy","Umayyad","Uthmanid",7,"رملة بنت معاوية بن ابو سفيان","Quraysh","Qusayy","Umayyad","Sufyanid",,7,2,,,,
672,"NQ113","عمرو بن عثمان بن عفان","Quraysh","Qusayy","Umayyad","Uthmanid",7,"Unnamed - من بنو مرة بن عوف","Ghatafan","Murra b. Awf",,,,,1,,,,
1067,"NQ170","عمرو بن عثمان بن عفان","Quraysh","Qusayy","Umayyad","Uthmanid",7,"ام كلثوم بنت الحارث بن الحكم بن ابو العاصى","Quraysh","Qusayy","Umayyad",,,7,,,,,
668,"NQ113","عمرو بن عثمان بن عفان","Quraysh","Qusayy","Umayyad","Uthmanid",7,"حفصة بنت عبد الله بن عمر بن الخطاب","Quraysh","Adi b. Ka'b",,,,8,1,,,,
727,"NQ118","بكير بن عمرو بن عثمان بن عفان","Quraysh","Qusayy","Umayyad","Uthmanid",8,"سكينة بنت مصعب بن الزبير بن العوام","Quraysh","Qusayy","Asad","Zubayrid",,7,,1,,,
825,"NQ131","خالد بن عمرو بن عثمان","Quraysh","Qusayy","Umayyad","Uthmanid",8,"ام عثمان بنت سعيد بن العاصى بن سعيد بن العاصى","Quraysh","Qusayy","Umayyad",,,8,1,,,,
750,"NQ120","زيد بن عمر بن عثمان","Quraysh","Qusayy","Umayyad","Uthmanid",8,"سكينة بنت الحسين","Quraysh","Qusayy","Hashim","Alid","Husaynid",,,,,,
744,"NQ120","عبد الرحمن بن ابان بن عثمان بن عفان","Quraysh","Qusayy","Umayyad","Uthmanid",8,"حنتمة بنت محمد بن عبد الرحمن بن الحارث بن هشام بن المغيرة","Quraysh","Makhzum",,,,8,1,1,,,
1608,"NQ306","عبد الله بن عمرو بن عثمان بن عفان","Quraysh","Qusayy","Umayyad","Uthmanid",8,"اسماء بنت عبد الرحمن بن الحارث بن هشام (بن المغيرة)","Quraysh","Makhzum",,,,7,,,,,
679,"NQ114","عبد الله بن عمرو بن عثمان بن عفان","Quraysh","Qusayy","Umayyad","Uthmanid",8,"ام عبد العزيز بنت عبد الله بن خالد بن اسيد بن ابو العيص بن امية","Quraysh","Qusayy","Umayyad",,,8,2,3,,,
682,"NQ114","عبد الله بن عمرو بن عثمان بن عفان","Quraysh","Qusayy","Umayyad","Uthmanid",8,"ام عمرو بنت ابان بن عثمان بن عفان","Quraysh","Qusayy","Umayyad","Uthmanid",,8,1,1,,,
680,"NQ114","عبد الله بن عمرو بن عثمان بن عفان","Quraysh","Qusayy","Umayyad","Uthmanid",8,"فاطمة بنت حسين بن على","Quraysh","Qusayy","Hashim","Alid","Husaynid",7,2,"1+B679C679:T679B679:T679",,,
1259,"NQ220","عبد الله بن عمرو بن عثمان بن عفان","Quraysh","Qusayy","Umayyad","Uthmanid",8,"فاطمة بنت عبد الله بن السائب بن ابو حبيش بن المطلب بن اسد بن عبد العزى بن قصىّ","Quraysh","Qusayy","Asad",,,7,,,,,
724,"NQ118","عمر بن عمرو بن عثمان بن عفان","Quraysh","Qusayy","Umayyad","Uthmanid",8,"آمنة بنت عمر بن عثمان بن عفان","Quraysh","Qusayy","Umayyad","Uthmanid",,8,1,,,,
714,"NQ117","عنبسة بن عمرو بن عثمان بن عفان","Quraysh","Qusayy","Umayyad","Uthmanid",8,"زينب بنت خالد بن عثمان بن عفان","Quraysh","Qusayy","Umayyad","Uthmanid",,8,3,,,,
302,"NQ53","مروان بن ابان بن عثمان بن عفان","Quraysh","Qusayy","Umayyad","Uthmanid",8,"ام القاسم بنت الحسن بن الحسن بن على","Quraysh","Qusayy","Hashim","Alid","Hasanid",8,1,,,,
703,"NQ116","امية بن عبد الله بن عمرو بن عثمان بن عفان","Quraysh","Qusayy","Umayyad","Uthmanid",9,"ام حبيب بنت ابراهيم بن عبد الرحمن بن عبد الله بن ابو ربيعة بن المغيرة","Quraysh","Makhzum",,,,8,1,,,,
1147,"NQ192","خالد بن عبد الله بن عمر بن عثمان بن عفان","Quraysh","Qusayy","Umayyad","Uthmanid",9,"ام محمد بنت عبد الله بن خالد بن اسيد بن ابو العيص بن امية بن عبد شمس","Quraysh","Qusayy","Umayyad",,,8,,,,,
695,"NQ115","خالد بن عبد الله بن عمرو بن عثمان بن عفان","Quraysh","Qusayy","Umayyad","Uthmanid",9,"اسماء بنت عروة بن الزبير بن العوام","Quraysh","Qusayy","Asad","Zubayrid",,7,4,1,,,
694,"NQ115","خالد بن عبد الله بن عمرو بن عثمان بن عفان","Quraysh","Qusayy","Umayyad","Uthmanid",9,"رملة بنت عبد الرحمن بن عبد الله بن خالد بن اسيد (بن ابو العيص بن امية)","Quraysh","Qusayy","Umayyad",,,9,3,3,,,
719,"NQ117","خالد بن عنبسة بن عمرو بن عثمان بن عفان","Quraysh","Qusayy","Umayyad","Uthmanid",9,"ام السرى بنت بكر بن عمرو بن عثمان","Quraysh","Qusayy","Umayyad","Uthmanid",,9,4,,,,
693,"NQ115","سعيد بن المغيرة بن عمرو بن عثمان","Quraysh","Qusayy","Umayyad","Uthmanid",9,"عزة بنت عبد الله بن عمرو بن عثمان بن عفان","Quraysh","Qusayy","Umayyad","Uthmanid",,9,2,1,,,
998,"NQ161","سعيد بن خالد بن عمرو بن عثمان بن عفان","Quraysh","Qusayy","Umayyad","Uthmanid",9,"ام عمر بن مروان بن الحكم بن ابو العاصى بن امية","Quraysh","Qusayy","Umayyad",,,7,,,,,
700,"NQ116","عبد العزيز بن عبد الله بن عمرو بن عثمان بن عفان","Quraysh","Qusayy","Umayyad","Uthmanid",9,"الحلال بنت بخيت بن عبد الرحمن بن الاسود بن ابو البخترى (بن هاشم بن الحارث بن أسد بن عبد العزى بن قصي)","Quraysh","Qusayy","Asad",,,9,,2,,,
726,"NQ118","عبد الله بن عمر بن عمرو بن عثمان بن عفان","Quraysh","Qusayy","Umayyad","Uthmanid",9,"عثيمة بنت بكير بن عمرو بن عثمان بن عفان","Quraysh","Qusayy","Umayyad","Uthmanid",,9,2,,,,
692,"NQ115","عبد الله بن عنبسة بن عمرو بن عثمان","Quraysh","Qusayy","Umayyad","Uthmanid",9,"اروى بنت عبد الله بن عمرو بن عثمان بن عفان","Quraysh","Qusayy","Umayyad","Uthmanid",,9,3,2,,,
721,"NQ117","عبد الله بن عنبسة بن عمرو بن عثمان بن عفان","Quraysh","Qusayy","Umayyad","Uthmanid",9,"الصعبة بنت عمر بن موسى بن عبيد الله بن (بن عثمان بن عمرو بن عمر بن كعب بن سعد بن تيم)","Quraysh","Taym b. Murra",,,,8,1,,,,
1127,"NQ181","عثمان بن عنبسة بن عمرو بن عثمان بن عفان","Quraysh","Qusayy","Umayyad","Uthmanid",9,"حميدة بنت سعيد بن العاصى بن سعيد بن العاصى بن امية","Quraysh","Qusayy","Umayyad",,,,2,,,,
402,"NQ65","عمر بن عاصم بن عمر بن عثمان بن عفان","Quraysh","Qusayy","Umayyad","Uthmanid",9,"كلثم بنت وهب بن عبد الله بن عبد الرحمن بن وهب بن عبد الله الاكبر بن زمعة بن الاسود (بن مطلب بن الاسد بن عبد العزى)","Quraysh","Qusayy","Asad",,,11,,1,,,
704,"NQ116","محمد الاصغر بن عبد الله بن عمرو بن عثمان بن عفان","Quraysh","Qusayy","Umayyad","Uthmanid",9,"ام كلثوم بنت ابراهيم بن محمد بن طلحة بن عبيد الله","Quraysh","Taym b. Murra",,,,8,5,1,,,
708,"NQ117","محمد الاصغر بن عبد الله بن عمرو بن عثمان بن عفان","Quraysh","Qusayy","Umayyad","Uthmanid",9,"حفصة بنت عمران بن ابراهيم بن محمد بن طلحة بن عبيد الله","Quraysh","Taym b. Murra",,,,9,,1,,,
732,"NQ119","عبد الله بن سعيد بن المغيرة بن عمرو بن عثمان بن عفان","Quraysh","Qusayy","Umayyad","Uthmanid",10,"حفصة بنت محمد بن عبد الله بن عمرو بن عثمان","Quraysh","Qusayy","Umayyad","Uthmanid",,10,3,3,,,
656,"NQ106","عبد الملك بن سعيد بن خالد بن عمرو بن عثمان","Quraysh","Qusayy","Umayyad","Uthmanid",10,"رملة بن امية بن عمرو بن سليمان بن عبد الملك بن مروان","Quraysh","Qusayy","Umayyad","Marwanid",,11,,,,,
1648,"NQ310","عثمان بن خالد بن عبد الله بن عمرو بن عثمان بن عفان","Quraysh","Qusayy","Umayyad","Uthmanid",10,"حفصة بنت المغیرة بن عبد الرحمن بن الحارث","Quraysh","Makhzum",,,,8,,,,,
678,"NQ114","عمرو بن خالد بن عبد الله بن عمرو بن عثمان","Quraysh","Qusayy","Umayyad","Uthmanid",10,"فاطمة بنت عثمان بن عروة بن الزبير","Quraysh","Qusayy","Asad","Zubayrid",,8,,1,,,
1883,"NQ359","محمد بن عبد الله بن عبد الله بن عمرو بن عثمان بن عفان","Quraysh","Qusayy","Umayyad","Uthmanid",10,"آمنة الكبرى بنت عبد العزيز بن عبد الله بن عبد الله بن عمر بن الخطاب بن نفيل بن عبد العزى بن رياح بن عبد الله بن قرط بن رزاح بن عدى بن كعب بن لؤى بن غالب بن فهر","Quraysh","Adi b. Ka'b",,,,10,,,,,
786,"NQ125","ابو سفيان بن حرب بن امية","Quraysh","Qusayy","Umayyad","Sufyanid",5,"هند بنت عتبة بن ربيعة بن عبد شمس","Quraysh","Qusayy","Abd Shams",,5,1,2,,,,
836,"NQ132","عبد الله بن معاوية بن ابو سفيان بن حرب","Quraysh","Qusayy","Umayyad","Sufyanid",7,"امة الحميد بنت عبد الله بن عامر بن كريز بن ربيعة بن حبيب بن عبد شمس","Quraysh","Qusayy","Abd Shams",,8,,1,,,,
918,"NQ150","يزيد بن معاوية بن ابو سفيان","Quraysh","Qusayy","Umayyad","Sufyanid",7,"ام كلثوم بنت عبد الله بن عامر بن كريز بن ربيعة بن حبيب بن عبد شمس","Quraysh","Qusayy","Abd Shams",,8,,,,,,
806,"NQ128","یزيد بن معاوية بن ابو سفيان","Quraysh","Qusayy","Umayyad","Sufyanid",7,"ام هاشم بنت ابو هاشم بن عتبة بن ربيعة","Quraysh","Qusayy","Abd Shams",,5,2,,,,,
807,"NQ129","یزيد بن معاوية بن ابو سفيان","Quraysh","Qusayy","Umayyad","Sufyanid",7,"أم كلثوم بنت عبد الله بن عامر بن كريز بن ربيعة بن حبيب بن عبد شمس","Quraysh","Qusayy","Abd Shams",,7,1,1,,,,
859,"NQ134","عنبسة بن ابو سفيان","Quraysh","Qusayy","Umayyad","Sufyanid",6,"زينب بنت الزبير بن العوام","Quraysh","Qusayy","Asad","Zubayrid",6,1,2,,,,
851,"NQ133","الولید بن عتبة بن ابو سفيان","Quraysh","Qusayy","Umayyad","Sufyanid",7,"لبابة بنت عبيد الله بن العباس بن عبد المطلب","Quraysh","Qusayy","Hashim","Abbasid",,,,,,,
535,"NQ83","يزيد بن معاوية بن ابو سفيان","Quraysh","Qusayy","Umayyad","Sufyanid",7,"ام محمد بنت عبد الله بن جعفر بن ابو طالب","Quraysh","Qusayy","Hashim",,7,,,,,,
818,"NQ131","عبد الله بن خالد بن يزيد بن معاوية بن ابو سفيان بن حرب","Quraysh","Qusayy","Umayyad","Sufyanid",9,"نفيسة بنت عبيد الله بن العباس بن على","Quraysh","Qusayy","Hashim","Alid",,,,,,,
801,"NQ128","معاوية بن ابو سفيان","Quraysh","Qusayy","Umayyad","Sufyanid",6,"فاختة بنت قرظة بن عبد عمرو بن نوفل بن عبد مناف","Quraysh","Qusayy","Nawfal",,5,1,1,,,,
1205,"NQ204","معاوية بن ابو سفيان","Quraysh","Qusayy","Umayyad","Sufyanid",6,"كنود بنت قرظة بن عبد عمرو بن نوفل بن عبد مناف","Quraysh","Qusayy","Nawfal",,5,,,,,,
632,"NQ100","ابو سفيان بن حرب بن امية","Quraysh","Qusayy","Umayyad","Sufyanid",4,"صفية بنت ابو العاصى بن امية الاكبر بن عبد شمس","Quraysh","Qusayy","Umayyad",,5,1,1,,,,
791,"NQ126","ابو سفيان بن حرب بن امية","Quraysh","Qusayy","Umayyad","Sufyanid",5,"صفية بنت ابو عمرو بن امية بن عبد شمس","Quraysh","Qusayy","Umayyad",,5,1,2,,,,
794,"NQ126","ابو سفيان بن حرب بن امية","Quraysh","Qusayy","Umayyad","Sufyanid",5,"لبابة بنت ابو العاصى بن امية","Quraysh","Qusayy","Umayyad",,5,,1,,,,
865,"NQ134","حنظلة بن ابو سفيان","Quraysh","Qusayy","Umayyad","Sufyanid",6,"سلمى بنت عمرو بن حرب بن امية","Quraysh","Qusayy","Umayyad",,6,1,,,,,
814,"NQ130","عثمان بن ابو سفيان","Quraysh","Qusayy","Umayyad","Sufyanid",6,"ام عثمان بنت یزيد بن معاوية بن ابو سفيان","Quraysh","Qusayy","Umayyad","Sufyanid",8,,1,,,,
789,"NQ126","معاوية بن ابو سفيان","Quraysh","Qusayy","Umayyad","Sufyanid",6,"كثنة بنت امية بن ابو سفيان بن امية بن عبد شمس","Quraysh","Qusayy","Umayyad","Sufyanid",6,,,,,,
854,"NQ133","الولید بن عتبة بن ابو سفيان","Quraysh","Qusayy","Umayyad","Sufyanid",7,"رملة بنت سعيد بن العاصى","Quraysh","Qusayy","Umayyad",,8,,,,,,
813,"NQ130","عباد بن زياد بن ابو سفيان","Quraysh","Qusayy","Umayyad","Sufyanid",7,"ام عبد الرحمن بنت یزيد بن معاوية بن ابو سفيان","Quraysh","Qusayy","Umayyad","Sufyanid",8,,,,,,
845,"NQ132","عبد الرحمن بن زياد بن ابو سفيان","Quraysh","Qusayy","Umayyad","Sufyanid",7,"فاختة بنت عتبة بن ابو سفيان","Quraysh","Qusayy","Umayyad","Sufyanid",7,1,,,,,
759,"NQ121","عبد الله بن معاوية بن ابو سفيان بن حرب","Quraysh","Qusayy","Umayyad","Sufyanid",7,"عائشة بنت سعيد بن عثمان بن عفان","Quraysh","Qusayy","Umayyad","Uthmanid",8,,,,,,
812,"NQ130","عتبة بن عتبة بن ابو سفيان","Quraysh","Qusayy","Umayyad","Sufyanid",7,"رملة بنت یزيد بن معاوية بن ابو سفيان","Quraysh","Qusayy","Umayyad","Sufyanid",8,,,,,,
860,"NQ134","عثمان بن محمد بن ابو سفيان","Quraysh","Qusayy","Umayyad","Sufyanid",7,"عاتكة بنت عنبسة بن ابو سفيان","Quraysh","Qusayy","Umayyad","Sufyanid",7,,,,,,
811,"NQ130","عمرو بن عتبة بن ابو سفيان","Quraysh","Qusayy","Umayyad","Sufyanid",7,"ام محمد بنت یزيد بن معاوية بن ابو سفيان","Quraysh","Qusayy","Umayyad","Sufyanid",8,,,,,,
805,"NQ128","محمد بن زياد بن ابو سفيان","Quraysh","Qusayy","Umayyad","Sufyanid",7,"عائشة بنت معاوية بن ابو سفيان","Quraysh","Qusayy","Umayyad","Sufyanid",7,,,,,,
1122,"NQ181","يزيد بن معاوية بن ابو سفيان","Quraysh","Qusayy","Umayyad","Sufyanid",7,"رملة بنت سعيد بن العاصى بن سعيد بن العاصى بن امية","Quraysh","Qusayy","Umayyad",,8,,,,,,
810,"NQ130","الاصبغ بن عبد العزيز بن مروان بن الحكم","Quraysh","Qusayy","Umayyad","Sufyanid",8,"ام يزيد بنت یزيد بن معاوية بن ابو سفيان ","Quraysh","Qusayy","Umayyad","Sufyanid",8,1,,,,,
1107,"NQ180","خالد بن يزيد بن معاوية بن ابو سفيان","Quraysh","Qusayy","Umayyad","Sufyanid",8,"آمنة بنت سعيد بن العاصى بن سعيد بن العاصى بن امية","Quraysh","Qusayy","Umayyad",,8,1,,,,,
1002,"NQ162","خالد بن یزيد بن معاوية ","Quraysh","Qusayy","Umayyad","Sufyanid",8,"عائشة بنت عبد الملك بن مروان بن الحكم بن ابو العاصى بن امية","Quraysh","Qusayy","Umayyad","Marwanid",8,,,,,,
1115,"NQ181","عبد الرحمن بن يزيد بن معاوية بن ابو سفيان","Quraysh","Qusayy","Umayyad","Sufyanid",8,"مریم بنت سعيد بن العاصى بن سعيد بن العاصى بن امية","Quraysh","Qusayy","Umayyad",,8,1,,,,,
823,"NQ131","عبد الله بن يزيد بن معاوية","Quraysh","Qusayy","Umayyad","Sufyanid",8,"ام عثمان بنت سعيد بن العاصى بن سعيد بن العاصى","Quraysh","Qusayy","Umayyad",,8,2,,,,,
832,"NQ132","عبد الله بن يزيد بن معاوية","Quraysh","Qusayy","Umayyad","Sufyanid",8,"ام كلثوم بنت عنبسة بن ابو سفيان","Quraysh","Qusayy","Umayyad","Sufyanid",7,,1,,,,
834,"NQ132","عبد الله بن يزيد بن معاوية","Quraysh","Qusayy","Umayyad","Sufyanid",8,"ام موسى بنت عمرو بن سعيد بن العاصى","Quraysh","Qusayy","Umayyad",,8,,1,,,,
830,"NQ131","عبد الله بن يزيد بن معاوية","Quraysh","Qusayy","Umayyad","Sufyanid",8,"عاتكة بنت عبد الله بن معاوية بن ابو سفيان","Quraysh","Qusayy","Umayyad","Sufyanid",8,,2,,,,
822,"NQ131","محمد بن الوليد بن عتبة بن ابو سفيان","Quraysh","Qusayy","Umayyad","Sufyanid",8,"ام خالد بنت عبد الرحمن بن يزيد (بن معاوية)","Quraysh","Qusayy","Umayyad","Sufyanid",9,1,1,,,,
829,"NQ131","سعيد بن خالد بن يزيد","Quraysh","Qusayy","Umayyad","Sufyanid",9,"حمادة عبد الله بن يزيد بن معاوية","Quraysh","Qusayy","Umayyad","Sufyanid",9,,,,,,
831,"NQ132","عثمان بن محمد بن عثمان بن محمد بن ابو سفيان","Quraysh","Qusayy","Umayyad","Sufyanid",9,"ام عثمان بنت عبد الله بن يزيد بن معاوية","Quraysh","Qusayy","Umayyad","Sufyanid",9,,,,,,
1894,"NQ360","يزيد بن معاوية بن ابو سفيان","Quraysh","Qusayy","Umayyad","Sufyanid",7,"ام مسكين بنت عمر بن عاصم بن عمر بن الخطاب بن نفيل بن عبد العزى بن رياح بن عبد الله بن قرط بن رزاح بن عدى بن كعب بن لؤى بن غالب بن فهر","Quraysh","Adi b. Ka'b",,,9,,,,,,
798,"NQ126","ابو سفيان بن حرب بن امية","Quraysh","Qusayy","Umayyad","Sufyanid",5,"Unnamed","Kinana","Al-Harith b. 'Abd Manaa",,,,,1,,,,
840,"NQ132","عتبة بن ابو سفيان","Quraysh","Qusayy","Umayyad","Sufyanid",6,"بنت عبد بن زمعة بن قيس بن عبد شمس بن عبد ود بن نصر بن مالك بن حسل","Quraysh","Amir b. Lu'ayy",,,6,1,,,,,
787,"NQ126","ابو سفيان بن حرب بن امية","Quraysh","Qusayy","Umayyad","Sufyanid",5,"زينب بنت نوفل بن خلف بن فوالة بن حذيفة بن طريف بن علقمة بن فراس بن غنم بن مالك بن كنانة","Kinana","Firas b. Ghanam",,,,1,,,,,
788,"NQ126","امية بن ابو سفيان بن امية بن عبد شمس","Quraysh","Qusayy","Umayyad","Sufyanid",6,"زينب بنت نوفل بن خلف بن فوالة بن حذيفة بن طريف بن علقمة بن فراس بن غنم بن مالك بن كنانة","Kinana","Firas b. Ghanam",,,,1,1,,,,
1609,"NQ306","معاوية بن ابو سفيان","Quraysh","Qusayy","Umayyad","Sufyanid",6,"عائشة بنت عبد الرحمن بن الحارث بن هشام (بن المغيرة)","Quraysh","Makhzum",,,7,,,,,,
846,"NQ133","الولید بن عتبة بن ابو سفيان","Quraysh","Qusayy","Umayyad","Sufyanid",7,"ام حجير بنت عبد الرحمن بن الحارث بن هشام (بن المغيرة)","Quraysh","Makhzum",,,7,1,2,,,,
1598,"NQ306","عبد الله بن معاوية بن ابو سفيان","Quraysh","Qusayy","Umayyad","Sufyanid",7,"ام حجير بنت عبد الرحمن بن الحارث بن هشام (بن المغيرة)","Quraysh","Makhzum",,,7,,,,,,
790,"NQ126","ابو سفيان بن حرب بن امية","Quraysh","Qusayy","Umayyad","Sufyanid",5,"عاتكة بنت ابو ازيهر بن اقيش بن الحقيق بن كعب بن الحارث بن عبد الله بن الحارث الغطريف من الازد","Azd",,,,,2,,,,,
843,"NQ132","عتبة بن ابو سفيان","Quraysh","Qusayy","Umayyad","Sufyanid",6,"حكيمة بنت يعلى بن امية","Tamim ",,,,5,3,,,,,
841,"NQ132","عتبة بن ابو سفيان","Quraysh","Qusayy","Umayyad","Sufyanid",6,"ام سعيد  بنت عروة بن مسعود بن معتب الثقفى","Thaqif",,,,,1,,,,,
863,"NQ134","محمد بن ابو سفيان","Quraysh","Qusayy","Umayyad","Sufyanid",6,"ام عثمان بنت اسيد بن الاخنس بن شريق","Thaqif",,,,,1,,,,,
800,"NQ127","معاوية بن ابو سفيان","Quraysh","Qusayy","Umayyad","Sufyanid",6,"ميسون بنت بحدل بن انيف بن دلجة بن قنافة بن عدى بن زهير بن حارثة بن جناب","Kalb",,,,,1,,,,,
855,"NQ133","عمرو بن عتبة بن ابو سفيان","Quraysh","Qusayy","Umayyad","Sufyanid",7,"ام عبد الله بن زياد بن ابو سفيان","Thaqif/Quraysh (by adoption)",,,,,1,,,,,
857,"NQ133","عمرو بن عتبة بن ابو سفيان","Quraysh","Qusayy","Umayyad","Sufyanid",7,"ام معاوية بنت زياد بن ابو سفيان","Thaqif/Quraysh (by adoption)",,,,,2,,,,,
821,"NQ131","عبد الرحمن بن يزيد (بن معاوية)","Quraysh","Qusayy","Umayyad","Sufyanid",8,"عائشة بنت زبان بن انيف بن عبيد بن مصاد بن حصن بن كعب بن عليم من کلب","Kalb",,,,,,1,,,,
819,"NQ131","عبد الله بن يزيد بن معاوية","Quraysh","Qusayy","Umayyad","Sufyanid",8,"عائشة بنت زبان بن انيف بن عبيد بن مصاد بن حصن بن كعب بن عليم من کلب","Kalb",,,,,1,1,,,,
1089,"NQ173","مروان بن الحكم","Quraysh","Qusayy","Umayyad","Marwanid",6,"عائشة بنت معاوية بن المغيرة بن ابو العاصى","Quraysh","Qusayy","Umayyad",,,7,1,,,,
660,"NQ112","مروان بن الحكم بن ابو العاصى","Quraysh","Qusayy","Umayyad","Marwanid",6,"ام ابان الكبرى بنت عثمان بن عفان","Quraysh","Qusayy","Umayyad","Uthmanid",,7,,,,,
993,"NQ161","مروان بن الحكم بن ابو العاصى بن امية","Quraysh","Qusayy","Umayyad","Marwanid",6,"قطية بنت بشر بن عامر ملاعب الاسنة بن مالك بن جعفر بن كلاب","Qays Aylan","Amir b. Sa'sa'a","Malik of Ja'far of Kilab",,,,1,,,,
990,"NQ160","مروان بن الحكم بن ابو العاصى بن امية","Quraysh","Qusayy","Umayyad","Marwanid",6,"ليلى بنت زبان بن الاصغر بن عمرو بن ثعلبة بن الحارث بن حصن بن ضمضم بن عدى بن جناب من كلب","Kalb",,,,,,1,1,,,
1518,"NQ285","مروان بن الحكم بن ابو العاصى بن امية","Quraysh","Qusayy","Umayyad","Marwanid",6,"زينب بنت عمر بن ابو سلمة بن عبد الاسد (بن هلال بن عبد الله بن عمر بن مخزوم)","Quraysh","Makhzum",,,,7,1,1,,,
1616,"NQ307","ابان بن مروان بن الحكم","Quraysh","Qusayy","Umayyad","Marwanid",7,"زينب بنت عبد الرحمن بن الحارث بن هشام (بن المغيرة)","Quraysh","Makhzum",,,,7,,,,,
1059,"NQ169","بشر بن مروان بن الحكم","Quraysh","Qusayy","Umayyad","Marwanid",7,"ام حكيم بنت محمد بن عمارة بن عقبة بن ابو معيط","Quraysh","Qusayy","Umayyad",,,9,1,,,,
1057,"NQ169","بشر بن مروان بن الحكم","Quraysh","Qusayy","Umayyad","Marwanid",7,"هند بنت اسماء بن خارجة بن حصن بن حذيفة (بن بدر)","Ghatafan","Fazara  ",,,,,1,,,,
1056,"NQ169","بشر بن مروان بن الحكم","Quraysh","Qusayy","Umayyad","Marwanid",7,"ام كلثوم بنت ابو سلمة بن عبد الرحمن بن عوف","Quraysh","Zuhra",,,,7,1,,,,
1052,"NQ168","عبد العزيز بن مروان بن الحكم","Quraysh","Qusayy","Umayyad","Marwanid",7,"ليلى بنت سهيل بن حنظلة بن الطفيل بن مالك بن جعفر بن كلاب","Qays Aylan","Amir b. Sa'sa'a","Malik of Ja'far of Kilab",,,,,1,,,
1054,"NQ169","عبد العزيز بن مروان بن الحكم","Quraysh","Qusayy","Umayyad","Marwanid",7,"عائشة بنت عبد الله بن معاوية بن ابو سفيان","Quraysh","Qusayy","Umayyad","Sufyanid",,8,,2,,,
687,"NQ115","عبد العزيز بن مروان بن الحكم","Quraysh","Qusayy","Umayyad","Marwanid",7,"حفصة بنت عبد الله بن عمرو بن عثمان بن عفان","Quraysh","Qusayy","Umayyad","Uthmanid",,9,,,,,
1047,"NQ168","عبد العزيز بن مروان بن الحكم","Quraysh","Qusayy","Umayyad","Marwanid",7,"ام عاصم بنت عاصم بن عمر بن الخطاب","Quraysh","Adi b. Ka'b",,,,7,4,,,,
1048,"NQ168","عبد العزيز بن مروان بن الحكم","Quraysh","Qusayy","Umayyad","Marwanid",7,"ام عبد الله بنت عبد الله بن عمرو بن العاصى ( بن وائل بن هاشم بن سعيد بن سهم)","Quraysh","Sahm",,,,7,2,1,,,
1904,"NQ361","عبد العزيز بن مروان بن الحكم","Quraysh","Qusayy","Umayyad","Marwanid",7,"حفصة بنت عاصم بن عمر بن الخطاب بن نفيل بن عبد العزى بن رياح بن عبد الله بن قرط بن رزاح بن عدى بن كعب بن لؤى بن غالب بن فهر","Quraysh","Adi b. Ka'b",,,,8,,,,,
839,"NQ132","عبد الله بن عبد الملك بن مروان","Quraysh","Qusayy","Umayyad","Marwanid",7,"رقية بنت عبد الله بن معاوية بن ابو سفيان بن حرب","Quraysh","Qusayy","Umayyad","Sufyanid",,8,,,,,
1269,"NQ227","عبد الملك بن مروان","Quraysh","Qusayy","Umayyad","Marwanid",7,"هند بنت ابو عبيدة بن عبد الله بن زمعة بن الاسود بن المطلب بن اسد بن عبد العزى بن قصىّ","Quraysh","Qusayy","Asad",,,8,,,,,
533,"NQ83","عبد الملك بن مروان","Quraysh","Qusayy","Umayyad","Marwanid",7,"ام ابيها بنت عبد الله بن جعفر بن ابو طالب","Quraysh","Qusayy","Hashim",,,7,,,,,
835,"NQ132","عبد الملك بن مروان","Quraysh","Qusayy","Umayyad","Marwanid",7,"ام عثمان بنت عبد الله بن يزيد بن معاوية","Quraysh","Qusayy","Umayyad","Sufyanid",,9,,,,,
808,"NQ129","عبد الملك بن مروان","Quraysh","Qusayy","Umayyad","Marwanid",7,"عاتكة بنت یزيد بن معاوية بن ابو سفيان","Quraysh","Qusayy","Umayyad","Sufyanid",,8,2,,,,
748,"NQ120","عبد الملك بن مروان","Quraysh","Qusayy","Umayyad","Marwanid",7,"ام ايوب بنت عمر بن عثمان بع عفان","Quraysh","Qusayy","Umayyad","Uthmanid",,8,1,,,,
659,"NQ111","عبد الملك بن مروان بن الحكم بن ابو العاصى","Quraysh","Qusayy","Umayyad","Marwanid",7,"مريم بنت عثمان بن عفان","Quraysh","Qusayy","Umayyad","Uthmanid",,7,,,,,
1001,"NQ162","عبد الملك بن مروان بن الحكم بن ابو العاصى بن امية","Quraysh","Qusayy","Umayyad","Marwanid",7,"ام الوليد بنت العباس بن جزء بن الحارث بن زهير بن جذيمة بن رواجة بن ربيعة بن مازن بن الحارث بن قطيعة بن عبس بن بغيض","Ghatafan","Abs (b. Baghid)",,,,,2,1,,,
1009,"NQ165","عبد الملك بن مروان بن الحكم بن ابو العاصى بن امية","Quraysh","Qusayy","Umayyad","Marwanid",7,"ام المغيرة بنت المغيرة بن خالد بن العاصى بن هشام بن المغيرة","Quraysh","Makhzum",,,,8,,1,,,
1004,"NQ164","عبد الملك بن مروان بن الحكم بن ابو العاصى بن امية","Quraysh","Qusayy","Umayyad","Marwanid",7,"ام هشام بنت هشام بن اسماعيل بن هشام بن الوليد بن المغيرة","Quraysh","Makhzum",,,,8,1,,,,
1005,"NQ164","عبد الملك بن مروان بن الحكم بن ابو العاصى بن امية","Quraysh","Qusayy","Umayyad","Marwanid",7,"عائشة بنت موسى بن طلحة بن عبيد الله","Quraysh","Taym b. Murra",,,,7,1,,,,
1036,"NQ167","عبيد الله بن مروان بن الحكم","Quraysh","Qusayy","Umayyad","Marwanid",7,"عائشة بنت هشام بن عبد الملك بن مروان","Quraysh","Qusayy","Umayyad","Marwanid",,9,,,,,
1060,"NQ169","محمد بن مروان بن الحكم","Quraysh","Qusayy","Umayyad","Marwanid",7,"بنت يزيد بن عبد الله بن شيبة بن ربيعة بن عبد شمس","Quraysh","Qusayy","Abd Shams",,,7,1,1,,,
1063,"NQ169","محمد بن مروان بن الحكم","Quraysh","Qusayy","Umayyad","Marwanid",7,"ام جميل بنت عبد الرحمن بن زيد بن الخطاب","Quraysh","Adi b. Ka'b",,,,7,1,,,,
251,"NQ45","معاوية بن مروان بن الحكم بن العاص","Quraysh","Qusayy","Umayyad","Marwanid",7,"رملة بنت على بن ابو طالب","Quraysh","Qusayy","Hashim","Alid",,6,,,,,
849,"NQ133","ابو بكر بن عبد العزيز بن مروان","Quraysh","Qusayy","Umayyad","Marwanid",8,"امة بنت الولید بن عتبة بن ابو سفيان","Quraysh","Qusayy","Umayyad","Sufyanid",,8,,,,,
847,"NQ133","ابو بكر بن عبد العزيز بن مروان","Quraysh","Qusayy","Umayyad","Marwanid",8,"هند بنت الولید بن عتبة بن ابو سفيان","Quraysh","Qusayy","Umayyad","Sufyanid",,8,,,,,
306,"NQ53","ابو بكر بن عبد الملك بن مروان","Quraysh","Qusayy","Umayyad","Marwanid",8,"فاطمة بنت محمد بن الحسن بن الحسن بن على","Quraysh","Qusayy","Hashim","Alid","Hasanid",9,,,,,
353,"NQ59","الاصبغ بن عبد العزيز بن مروان بن الحكم","Quraysh","Qusayy","Umayyad","Marwanid",8,"سكينة بنت الحسين","Quraysh","Qusayy","Hashim","Alid","Husaynid",7,,,,,
1049,"NQ168","الوليد بن عبد الملك","Quraysh","Qusayy","Umayyad","Marwanid",8,"ام الحكم بنت عبد العزيز بن مروان بن الحكم","Quraysh","Qusayy","Umayyad","Marwanid",,8,,,,,
297,"NQ52","الوليد بن عبد الملك بن مروان","Quraysh","Qusayy","Umayyad","Marwanid",8,"زينب بنت الحسن بن الحسن بن على","Quraysh","Qusayy","Hashim","Alid","Hasanid",8,,,,,
688,"NQ115","الوليد بن عبد الملك بن مروان","Quraysh","Qusayy","Umayyad","Marwanid",8,"ام عبد الله بنت عبد الله بن عمرو بن عثمان بن عفان","Quraysh","Qusayy","Umayyad","Uthmanid",,9,,,,,
701,"NQ116","الوليد بن عبد الملك بن مروان","Quraysh","Qusayy","Umayyad","Marwanid",8,"عزة بنت عبد العزيز بن عبد الله بن عمرو بن عثمان بن عفان","Quraysh","Qusayy","Umayyad","Uthmanid",,10,,,,,
1108,"NQ180","الوليد بن عبد الملك بن مروان","Quraysh","Qusayy","Umayyad","Marwanid",8,"آمنة بنت سعيد بن العاصى بن سعيد بن العاصى بن امية","Quraysh","Qusayy","Umayyad",,,8,,,,,
2042,"NQ385","الوليد بن عبد الملك بن مروان","Quraysh","Qusayy","Umayyad","Marwanid",8,"فاطمة بنت عبد الله بن مطيع بن الاسود بن حارثة بن نضلة بن عوف بن عبيد بن عويج بن عدى بن كعب","Quraysh","Adi b. Ka'b",,,,7,,,,,
1012,"NQ165","الوليد بن عبد الملك بن مروان بن الحكم بن ابو العاصى بن امية","Quraysh","Qusayy","Umayyad","Marwanid",8,"ام البنين بنت عبد العزيز بن مروان","Quraysh","Qusayy","Umayyad","Marwanid",,8,2,1,,,
702,"NQ116","بكار بن عبد الملك بن مروان","Quraysh","Qusayy","Umayyad","Marwanid",8,"عزة بنت عبد العزيز بن عبد الله بن عمرو بن عثمان بن عفان","Quraysh","Qusayy","Umayyad","Uthmanid",,10,1,,,,
1645,"NQ310","بكار بن عبد الملك بن مروان","Quraysh","Qusayy","Umayyad","Marwanid",8,"رعيطة بنت المغیرة بن عبد الرحمن بن الحارث","Quraysh","Makhzum",,,,8,,,,,
1062,"NQ169","سعيد بن عبد الملك بن مروان","Quraysh","Qusayy","Umayyad","Marwanid",8,"رملة بنت محمد بن مروان بن الحكم","Quraysh","Qusayy","Umayyad","Marwanid",,8,,,,,
1011,"NQ165","سليمان بن داود بن مروان","Quraysh","Qusayy","Umayyad","Marwanid",8,"فاطمة بنت عبد الملك بن مروان بن الحكم بن ابو العاصى بن امية","Quraysh","Qusayy","Umayyad","Marwanid",,8,2,,,,
1050,"NQ168","سليمان بن عبد الملك","Quraysh","Qusayy","Umayyad","Marwanid",8,"ام الحكم بنت عبد العزيز بن مروان بن الحكم","Quraysh","Qusayy","Umayyad","Marwanid",,8,,,,,
848,"NQ133","سليمان بن عبد الملك","Quraysh","Qusayy","Umayyad","Marwanid",8,"امة بنت الولید بن عتبة بن ابو سفيان","Quraysh","Qusayy","Umayyad","Sufyanid",,8,,,,,
757,"NQ121","سليمان بن عبد الملك بن مروان","Quraysh","Qusayy","Umayyad","Marwanid",8,"عائشة بنت الوليد بن عثمان بن عفان","Quraysh","Qusayy","Umayyad","Uthmanid","عائشة بنت الوليد بن عثمان بن عفان",8,,,,,
1017,"NQ165","سليمان بن عبد الملك بن مروان بن الحكم بن ابو العاصى بن امية","Quraysh","Qusayy","Umayyad","Marwanid",8,"ام يزيد بنت عبد الله بن يزيد بن معاوية","Quraysh","Qusayy","Umayyad","Sufyanid",,9,3,,,,
1018,"NQ166","سليمان بن عبد الملك بن مروان بن الحكم بن ابو العاصى بن امية","Quraysh","Qusayy","Umayyad","Marwanid",8,"عائشة بنت عبد الله بن عمرو بن عثمان بن عفان","Quraysh","Qusayy","Umayyad","Uthmanid",,9,2,,,,
1016,"NQ165","سليمان بن عبد الملك بن مروان بن الحكم بن ابو العاصى بن امية","Quraysh","Qusayy","Umayyad","Marwanid",8,"ام ابان بنت ابان بن الحكم بن ابو العاص","Quraysh","Qusayy","Umayyad",,,7,1,,,,
1019,"NQ166","سليمان بن عبد الملك بن مروان بن الحكم بن ابو العاصى بن امية","Quraysh","Qusayy","Umayyad","Marwanid",8,"ام عمرو بنت عبد الله بن خالد بن اسيد بن ابو العيص","Quraysh","Qusayy","Umayyad",,,7,1,,,,
171,"NQ30","عبد الله بن عبد الملك بن مروان","Quraysh","Qusayy","Umayyad","Marwanid",8,"ريطة بنت عبيد الله بن عبد الله/عبد الحجر بن عبد المدان بن الديان بن قطن بن زياد بن الحارث بن مالك بن ربيعة بن كعب بن الحارث بن كعب بن عمرو بن علة بن جلد","Yemen","Madhhij","Harith b. Ka'b",,,,,,,,
1010,"NQ165","عمر بن عبد العزيز","Quraysh","Qusayy","Umayyad","Marwanid",8,"فاطمة بنت عبد الملك بن مروان بن الحكم بن ابو العاصى بن امية","Quraysh","Qusayy","Umayyad","Marwanid",,8,2,,,,
1525,"NQ285","عمر بن عبد العزيز بن مروان","Quraysh","Qusayy","Umayyad","Marwanid",8,"ام ابيها بنت ابراهيم بن محمد بن طلحة بن عبيد الله ","Quraysh","Taym b. Murra",,,,8,,,,,
1051,"NQ168","هشام بن عبد الملك","Quraysh","Qusayy","Umayyad","Marwanid",8,"ام الحكم بنت عبد العزيز بن مروان بن الحكم","Quraysh","Qusayy","Umayyad","Marwanid",,8,,,,,
1082,"NQ172","هشام بن عبد الملك","Quraysh","Qusayy","Umayyad","Marwanid",8,"ام الحكم بنت يحيى بن الحكم بن ابو العاصى","Quraysh","Qusayy","Umayyad",,,7,,,,,
1035,"NQ167","هشام بن عبد الملك بن مروان","Quraysh","Qusayy","Umayyad","Marwanid",8,"عبدة بنت الاسوار بن يزيد بن معاوية","Quraysh","Qusayy","Umayyad","Sufyanid",,8,1,1,,,
691,"NQ115","هشام بن عبد الملك بن مروان","Quraysh","Qusayy","Umayyad","Marwanid",8,"ام سعيد بنت عبد الله بن عمرو بن عثمان بن عفان","Quraysh","Qusayy","Umayyad","Uthmanid",,9,,,,,
1037,"NQ167","هشام بن عبد الملك بن مروان","Quraysh","Qusayy","Umayyad","Marwanid",8,"ام عثمان بنت سعيد بن خالد بن عمرو بن عثمان","Quraysh","Qusayy","Umayyad","Uthmanid",,10,1,,,,
689,"NQ115","هشام بن عبد الملك بن مروان","Quraysh","Qusayy","Umayyad","Marwanid",8,"رقية بنت عبد الله بن عمرو بن عثمان بن عفان","Quraysh","Qusayy","Umayyad","Uthmanid",,9,,1,,,
1031,"NQ167","هشام بن عبد الملك بن مروان","Quraysh","Qusayy","Umayyad","Marwanid",8,"ام حكيم بنت يحيى بن الحكم بن ابو العاصى","Quraysh","Qusayy","Umayyad",,,7,3,2,,,
1079,"NQ171","هشام بن عبد الملك بن مروان","Quraysh","Qusayy","Umayyad","Marwanid",8,"آمنة بنت يحيى بن الحكم بن ابو العاصى","Quraysh","Qusayy","Umayyad",,,7,,,,,
196,"NQ32","وليد بن عبد الملك بن مروان","Quraysh","Qusayy","Umayyad","Marwanid",8,"نفيسة بنت زيد بن حسن بن على بن ابو طالب","Quraysh","Qusayy","Hashim","Alid","Hasanid",8,,,,,
1029,"NQ167","يحيى بن عبد الله بن مروان بن الحكم","Quraysh","Qusayy","Umayyad","Marwanid",8,"ام الحجاج بنت الوليد بن يزيد بن عبد الملك بن مروان بن الحكم بن ابو العاصى بن امية","Quraysh","Qusayy","Umayyad","Marwanid",,10,,,,,
690,"NQ115","يزيد بن عبد الملك بن مروان","Quraysh","Qusayy","Umayyad","Marwanid",8,"ام سعيد بنت عبد الله بن عمرو بن عثمان بن عفان","Quraysh","Qusayy","Umayyad","Uthmanid",,9,1,2,,,
1489,"NQ278","يزيد بن عبد الملك بن مروان بن الحكم بن ابو العاصى بن امية","Quraysh","Qusayy","Umayyad","Marwanid",8,"عائشة بنت طلحة بن عبيد الله","Quraysh","Taym b. Murra",,,,6,,,,,
1021,"NQ167","يزيد بن عبد الملك بن مروان بن الحكم بن ابو العاصى بن امية","Quraysh","Qusayy","Umayyad","Marwanid",8,"ام الحجاج بنت محمد بن يوسف بن الحكم بن ابو عقيل بن مسعود بن عامر بن معتب","Thaqif",,,,,,2,1,,,
1070,"NQ170","يزيد بن محمد بن مروان","Quraysh","Qusayy","Umayyad","Marwanid",8,"ام القاسم بنت عبد الملك بن الحارث بن الحكم بن ابو العاصى","Quraysh","Qusayy","Umayyad",,,8,,,,,
827,"NQ131","ابو بكر بن يزيد بن عبد الملك بن مروان","Quraysh","Qusayy","Umayyad","Marwanid",9,"امة الحميد بنت عبد الله بن يزيد بن معاوية","Quraysh","Qusayy","Umayyad","Sufyanid",,9,,,,,
1642,"NQ310","الحكم بن ابو بكر بن عبد العزيز بن مروان بن الحكم","Quraysh","Qusayy","Umayyad","Marwanid",9,"أمة الحميد بنت المغیرة بن عبد الرحمن بن الحارث","Quraysh","Makhzum",,,,8,,,,,
350,"NQ59","العباس بن الوليد بن عبد الملك بن مروان","Quraysh","Qusayy","Umayyad","Marwanid",9,"ربيحة بنت عبد الله بن عثمان بن عبد الله بن حكيم بن حزام بن خويلد","Quraysh","Qusayy","Asad",,,9,,,,,
1026,"NQ167","الوليد بن يزيد بن عبد الملك بن مروان بن الحكم بن ابو العاصى بن امية","Quraysh","Qusayy","Umayyad","Marwanid",9,"عاتكة بنت عثمان بن محمد بن عثمان بن محمد بن ابو سفيان","Quraysh","Qusayy","Umayyad","Sufyanid",,10,1,,,,
1030,"NQ167","الوليد بن يزيد بن عبد الملك بن مروان بن الحكم بن ابو العاصى بن امية","Quraysh","Qusayy","Umayyad","Marwanid",9,"ام عبد الملك بنت سعيد بن خالد بن عمرو بن عثمان","Quraysh","Qusayy","Umayyad","Uthmanid",,10,1,,,,
1076,"NQ171","ايوب بن سليمان بن عبد الملك بن مروان","Quraysh","Qusayy","Umayyad","Marwanid",9,"مليكة بنت ابان بن الحكم بن ابو العاصى","Quraysh","Qusayy","Umayyad",,,7,,,,,
1086,"NQ172","بشر بن الوليد بن عبد الملك","Quraysh","Qusayy","Umayyad","Marwanid",9,"ام عبد الله بنت حبيب بن الحكم بن ابو العاصى","Quraysh","Qusayy","Umayyad",,,7,1,,,,
1025,"NQ167","عبد الرحمن بن سليمان بن عبد الملك","Quraysh","Qusayy","Umayyad","Marwanid",9,"ام كلثوم بن يزيد بن عبد الملك بن مروان بن الحكم بن ابو العاصى بن امية","Quraysh","Qusayy","Umayyad","Marwanid",,9,,,,,
1081,"NQ171","عبد العزيز بن الوليد بن عبد الملك بن مروان بن الحكم بن ابو العاصى بن امية","Quraysh","Qusayy","Umayyad","Marwanid",9,"ام الحكم بنت يحيى بن الحكم بن ابو العاصى","Quraysh","Qusayy","Umayyad",,,7,,,,,
1146,"NQ192","عبد العزيز بن الوليد بن عبد الملك بن مروان بن الحكم بن ابو العاصى بن امية","Quraysh","Qusayy","Umayyad","Marwanid",9,"ام محمد بنت عبد الله بن خالد بن اسيد بن ابو العيص بن امية بن عبد شمس","Quraysh","Qusayy","Umayyad",,,8,,,,,
1015,"NQ165","عبد العزيز بن الوليد بن عبد الملك بن مروان بن الحكم بن ابو العاصى بن امية","Quraysh","Qusayy","Umayyad","Marwanid",9,"ميمونة بنت عبد الرحمن بن عبد الله بن عبد الرحمن بن ابو بكر","Quraysh","Taym b. Murra",,,,9,2,,,,
1034,"NQ167","عبد الله بن مروان بن محمد بن مروان بن الحكم","Quraysh","Qusayy","Umayyad","Marwanid",9,"ام هشام بنت هشام بن عبد الملك بن مروان","Quraysh","Qusayy","Umayyad","Marwanid",,9,,,,,
1085,"NQ172","عمر بن الوليد بن عبد الملك","Quraysh","Qusayy","Umayyad","Marwanid",9,"ام عبد الله بنت حبيب بن الحكم بن ابو العاصى","Quraysh","Qusayy","Umayyad",,,7,4,,,,
1022,"NQ166","محمد بن الوليد بن عبد الملك","Quraysh","Qusayy","Umayyad","Marwanid",9,"عاتكة بنت يزيد بن عبد الملك بن مروان بن الحكم بن ابو العاصى بن امية","Quraysh","Qusayy","Umayyad","Marwanid",,9,,,,,
711,"NQ117","محمد بن هشام بن عبد الملك بن مروان","Quraysh","Qusayy","Umayyad","Marwanid",9,"رقية الكبرى بنت محمد الاصغر بن عبد الله بن عمرو بن عثمان بن عفان","Quraysh","Qusayy","Umayyad","Uthmanid",,10,,,,,
1723,"NQ330","مسلمة بن هشام بن عبد الملك","Quraysh","Qusayy","Umayyad","Marwanid",9,"يعقوب بن سلمة بن عبد الله بن الوليد بن الوليد بن المغيرة","Quraysh","Makhzum",,,,9,,,,,
828,"NQ131","معاوية بن هشام بن عبد الملك","Quraysh","Qusayy","Umayyad","Marwanid",9,"امة الحميد بنت عبد الله بن يزيد بن معاوية","Quraysh","Qusayy","Umayyad","Sufyanid",,9,,,,,
1045,"NQ168","معاوية بن هشام بن عبد الملك بن مروان","Quraysh","Qusayy","Umayyad","Marwanid",9,"ام عبد الله بنت عبد العزيز بن الحارث بن الحكم","Quraysh","Qusayy","Umayyad",,,8,1,,,,
1633,"NQ309","معاوية بن هشام بن عبد الملك بن مروان","Quraysh","Qusayy","Umayyad","Marwanid",9,"ام عمرو بنت محمد بن عمر بن عبد الرحمن بن الحارث بن هشام بن المغيرة بن عبد الله بن عمر بن مخزوم بن يقظة بن مرة بن كعب بن لؤى بن غالب بن فهر","Quraysh","Makhzum",,,,9,,,,,
1032,"NQ167","يزيد بن الوليد بن عبد الملك","Quraysh","Qusayy","Umayyad","Marwanid",9,"ام هشام بنت هشام بن عبد الملك بن مروان","Quraysh","Qusayy","Umayyad","Marwanid",,9,,,,,
1043,"NQ168","عبد العزيز بن الحجاج بن عبد الملك","Quraysh","Qusayy","Umayyad","Marwanid",10,"ام سلمة بنت هشام بن عبد الملك بن مروان","Quraysh","Qusayy","Umayyad","Marwanid",,9,,,,,
1033,"NQ167","عبد الملك بن عبد العزيز بن الوليد","Quraysh","Qusayy","Umayyad","Marwanid",10,"ام هشام بنت هشام بن عبد الملك بن مروان","Quraysh","Qusayy","Umayyad","Marwanid",,9,,,,,
1649,"NQ310","عبد الملك بن عبد العزيز بن الوليد","Quraysh","Qusayy","Umayyad","Marwanid",10,"غاتكة بنت المغیرة بن عبد الرحمن بن الحارث","Quraysh","Makhzum",,,,8,,,,,
1042,"NQ168","محمد بن عبد الله بن عبد الملك","Quraysh","Qusayy","Umayyad","Marwanid",10,"زنيب بنت هشام بن عبد الملك بن مروان","Quraysh","Qusayy","Umayyad","Marwanid",,9,,,,,
1028,"NQ167","محمد بن يزيد بن الوليد بن عبد الملك","Quraysh","Qusayy","Umayyad","Marwanid",10,"ام الحجاج بنت الوليد بن يزيد بن عبد الملك بن مروان بن الحكم بن ابو العاصى بن امية","Quraysh","Qusayy","Umayyad","Marwanid",,10,,,,,
